doc_idx,filename,city,county,year,rule_label,llm_majority_label,llm_consistency,llm_reason,text_first_500,human_label,human_notes
2,2011-市政府办公室关于印发城镇污水治理工程建设资金补助与管理办法的通知.docx,宁波市,慈溪市,2011.0,regulatory,incentive,1.0,(keyword fallback),市政府办公室关于印发城镇污水治理工程建设资金补助与管理办法的通知各镇人民政府各街道办事处市政府各部门各直属单位城镇污水治理工程建设资金补助与管理办法已经市政府同意现印发给你们请认真贯彻执行二一一年六月二十八日城镇污水治理工程建设资金补助与管理办法十二五期间我市将继续大力开展截污纳管和污水治理收集管网工程建设并逐步向农村和边缘地区推进为切实加强列入市级财政补助的污水治理工程项目的建设与管理提高财政资金使用效率及污水治理实效进一步推进生态建设和节能减排工作根据关于鼓励城乡污水治理设施投入的若干意见试行慈政发号和慈溪市农村生活污水治理工作实施细则慈政办发号精神特制定本办法一实施补助的污水治理工程项目对象本办法所指列入市级财政补助的污水治理项目为一已由市建设局下达的全市镇级污水连接管网建设工程二按照全市各镇排水专项规划确定的城镇规划区内需要新建设的市政配套污水管网和泵站三全市污水接纳与收集支线工程四农村污水纳管治理工程项目上述污水治理项目由市镇两级财政共同出资建设其中农村污水治理纳管项目由市镇及村三级出资建设市财政全额投资或国有出资的其他污水治理项目仍由各实施主体按照现行政府投资项目有关管理规,incentive,
3,2019-慈溪市发展和改革局关于对工业企业超标排放污水实行多因子分档计收污水处理费的通知.docx,宁波市,慈溪市,2019.0,regulatory,incentive,1.0,(keyword fallback),慈溪市发展和改革局关于对工业企业超标排放污水实行多因子分档计收污水处理费的通知市水务集团有限公司各镇自来水厂为深化环境价格改革完善工业污水处理费形成机制鼓励和引导企业加大污水处理设施投入和污水处理力度促进五水共治进一步推进水环境改善根据浙江省物价局浙江省财政厅浙江省环境保护厅关于加快推进分类分档及多因子计收工业污水处理费的指导意见浙价资号宁波市物价局宁波市城市管理局关于对市区工业企业超标排放污水实行多因子分档计收污水处理费的通知甬价管号和慈溪市人民政府办公室关于印发慈溪市实施门户管理重点排水户管理办法试行的通知慈政办发号等精神经市政府同意决定对我市工业企业超标排放污水实行多因子分档计收污水处理费现将有关事项通知如下一实施范围一市自来水有限公司供水区域内的工业企业用水户和自备水用户二龙山镇匡堰镇横河镇师桥等自来水厂和观海卫镇水务投资有限公司供水区域内的工业企业用水户和自备水用户二现行标准现行工业污水处理费标准印染电镀纸浆皮革和制药等对水环境影响较严重企业每立方米元其他企业每立方米元三多因子分档计收污水处理费办法纳管排放污水的工业企业其排放污水的化学需氧量酸碱度值悬浮物磷酸盐以计氨氮等有害,incentive,
4,2016-慈溪市物价局关于调整城市居民生活污水处理费标准的通知.docx,宁波市,慈溪市,2016.0,regulatory,incentive,0.75,(keyword fallback),慈溪市物价局关于调整城市居民生活污水处理费标准的通知市水务集团有限公司根据国家发展改革委财政部住房城乡建设部关于制定和调整污水处理收费标准等有关问题的通知发改价格号等有关规定结合本市实际经市政府同意决定调整城市居民生活污水处理费标准现将有关事项通知如下一居民污水处理费调整范围和性质市自来水有限公司直接抄表管理的城市居民用户二城市居民污水处理费调整标准由现行元立方米高层二次供水用户趸售元立方米调整为元立方米三本通知自年月起执行慈溪市物价局年月日,incentive,
15,2013-慈溪市发展和改革局关于调整非居民生活用水污水处理费标准的通知.docx,宁波市,慈溪市,2013.0,regulatory,incentive,0.5,(keyword fallback),慈溪市发展和改革局关于调整非居民生活用水污水处理费标准的通知市城市排水有限公司市自来水总公司各镇水厂为确保十二五节能减排目标的实现促进我市经济社会全面协调可持续增发展保障污水处理企业正常运行根据上级有关污水收费的政策规定经调查测算广泛论证报市政府同意决定调整非居民生活用水污水处理费标准现将有关事项通知如下一污水处理费按自来水用水类别实施分类调整非居民生活用水类别分为非经营性用水经营性用水一般工商业对水环境影响较重企业和特种行业用水一非经营性用水包括国家机关事业单位社会团体部队包括武警部队狱政包括劳改劳教等用水二经营性用水是指从事商品生产交换提供有偿服务等非公益性经营活动用水对水环境影响较严重的工业企业包括印染电镀纸浆皮革制造制药冶炼化工废塑加工不锈钢熔炼和金属表面化学处理等用水原则上以工商部门登记的营业执照为准对超范围经营经核实属于上述十类的行业按对水环境影响较严重工业企业处理三特种行业用水包括纯净水及饮料制造业洗车业桑拿浴室美容美发厅洗衣店等用水二调整后的污水处理费标准市自来水总公司供水区域范围内非经营性用水每立方米元经营性用水中一般工商企业每立方米元经营性用水中对水环境较重企业每立,incentive,
19,2024-象山县水利局 宁波市生态环境局象山分局关于印发《象山县中型水库生态流量核定与保障实施方案》的通知.docx,宁波市,象山县,2024.0,informational,regulatory,1.0,(keyword fallback),象山县水利局宁波市生态环境局象山分局关于印发象山县中型水库生态流量核定与保障实施方案的通知象山县中型水库管理中心为加强河湖生态流量管理加快复苏河湖生态环境根据浙江省水利厅关于开展已建大中型水库生态流量核定与保障工作的通知浙水资号等文件要求县水利局联合宁波市生态环境局象山分局组织开展了中型水库生态流量核定与保障相关工作形成象山县中型水库生态流量核定与保障实施方案确定隔溪张水库最小下泄生态流量为溪口水库最小下泄生态流量为仓岙水库最小下泄生态流量为上张水库最小下泄生态流量为或下游号堰坝水位不低于大塘港水库生态基流为水库水位不低于现将方案印发给你们请你单位指导各水库认真贯彻执行象山县水利局宁波市生态环境局象山分局年月日,regulatory,
20,2018-象山县人民政府办公室关于印发象山县第二次全国污染源普查方案的通知.docx,宁波市,象山县,2018.0,regulatory,informational,0.75,(keyword fallback),象山县人民政府办公室关于印发象山县第二次全国污染源普查方案的通知各镇乡政府街道办事处县级有关部门象山县第二次全国污染源普查实施方案已经县政府同意现印发给你们请结合实际认真贯彻执行象山县人民政府办公室年月日象山县第二次全国污染源普查实施方案根据国务院关于开展第二次全国污染源普查的通知国发号国务院办公厅关于印发第二次全国污染源普查方案的通知国办发号浙江省关于开展第二次污染源普查的通知浙政发号浙江省人民政府办公厅关于印发浙江省第二次全国污染源普查方案的通知浙政办发号宁波市人民政府关于开展第二次全市污染源普查的通知甬政发号宁波市人民政府办公室关于印发宁波市第二次全污染源普查方案的通知甬政办发号以及象山县人民政府关于开展第二次全县污染源普查的通知象政发号文件部署要求制订本实施方案一普查工作目标摸清全县各类污染源基本信息数量结构和分布状况掌握区域流域行业污染物产生排放和处理情况建立健全各类污染源档案污染源信息数据库和环境统计平台为加强污染源监管防控环境风险服务环境与发展综合决策提供依据二普查时点对象范围和内容一普查时点普查标准时点为年月日时期资料为年度资料二普查对象范围与内容普查对象为县内有污染源,regulatory,
24,2015-余姚市人民政府办公室关于明确2015年度农村生活污水治理工作目标任务的通知.docx,宁波市,余姚市,2015.0,informational,regulatory,1.0,(keyword fallback),余姚市人民政府办公室关于明确年度农村生活污水治理工作目标任务的通知各乡镇人民政府街道办事处市经济开发区根据余姚市农村生活污水治理三年行动计划和省宁波市下达给我市年度农村生活污水治理的目标任务我市今年要新增个农村生活污水治理达标村需新增万户生活污水接入户根据各乡镇街道的行政村及农户数实际情况经研究决定对年的农村生活污水治理目标任务作出如下分解详见附件请各乡镇街道经济开发区要高度重视农村生活污水治理工作采取有力措施精心组织实施确保全年目标任务的圆满完成附件年农村生活污水治理工作目标任务分解表附件余姚市人民政府办公室年月日此件公开发布抄送市委各部门市人大常委会市政协办公室市人武部市法院市检察院余姚市人民政府办公室年月日印发,regulatory,
37,2019-宁波市生态环境局江北分局关于印发《宁波市江北区国控（省控）考核断面水质治理专项资金使用管理办法》的通知.docx,宁波市,江北区,2019.0,regulatory,incentive,1.0,(keyword fallback),宁波市生态环境局江北分局关于印发宁波市江北区国控省控考核断面水质治理专项资金使用管理办法的通知各街道办事处慈城镇各有关部门为更好发挥财政资金的导向作用提高财政资金使用效益根据宁波市水污染防治行动计划甬政发号宁波市环境保护局宁波市财政局关于印发宁波市国控省控考核断面水质治理专项资金使用管理办法的通知甬政发号以及市区有关财政专项资金管理的有关规定我们制定了宁波市江北区国控省控考核断面水质治理专项资金使用管理办法现印发给你们请遵照执行附件第一条为规范国控省控考核断面水质治理专项资金管理提高财政资金使用效益根据宁波市水污染防治行动计划甬政发号宁波市环境保护局宁波市财政局关于印发宁波市国控省控考核断面水质治理专项资金使用管理办法的通知甬政发号和财政预算管理有关规定制定本办法第二条资金来源本办法所称的江北区国控省控考核断面水质治理专项资金以下简称专项资金是指市财政预算安排的下达我区用于列入国控省控考核断面水质治理和有关污染防治的上级专项资金第三条使用范围列入国控省控考核断面的水质治理列入水十条考核断面水质治理提升项目考核断面汇水区域内水质治理提升项目考核断面水质治理提升相关技术支撑环境管理监测和绩,regulatory,
39,2023-宁波市江北区人民政府办公室关于印发《江北区农村生活污水治理工作考核办法（试行）》的通知.docx,宁波市,江北区,2023.0,regulatory,incentive,0.5,(keyword fallback),宁波市江北区人民政府办公室关于印发江北区农村生活污水治理工作考核办法试行的通知各涉农街道办事处慈城镇各有关单位江北区农村生活污水治理工作考核办法试行已经区政府同意现印发给你们请认真组织实施宁波市江北区人民政府办公室年月日江北区农村生活污水治理工作考核办法试行为贯彻落实浙江省农村生活污水处理设施管理条例浙江省人民政府办公厅关于加强农村生活污水治理设施运行维护管理的意见等文件精神全面评价全区各有关街道镇年度农村生活污水治理工作实效根据省市五水共治考核工作要求特制定本办法一考核对象考核对象为甬江街道庄桥街道洪塘街道前江街道慈城镇二考核原则与方式一考核原则考核工作应坚持遵循规则完善机制推进工作减轻负担注重实效的原则二考核方式根据农村生活污水治理工作实际按照日常工作举措年终听取汇报及现场考核等方式进行三考核内容与标准考核内容分为日常考核占比和年终考核考核占比日常考核内容分为年度目标任务工作成效建设改造质量运行维护质量数字化应用信息报送监督检查终端水质业务培训及加扣分项年终考核内容分为基础信息抽检复核资金管理详见附表各项考核内容均应有证明资料除现场检查内容外其余考核内容均通过江北区城乡排水智慧化管,regulatory,
48,2022-宁波市鄞州区人民政府办公室关于印发鄞州区“五水共治”募捐资金使用管理办法（修订）的通知.docx,宁波市,鄞州区,2022.0,regulatory,incentive,0.5,(keyword fallback),宁波市鄞州区人民政府办公室关于印发鄞州区五水共治募捐资金使用管理办法修订的通知各镇政府街道办事处区政府各部门直属单位鄞州区五水共治募捐资金使用管理办法修订已经区政府第次常务会议审议通过现印发给你们请认真贯彻落实宁波市鄞州区人民政府办公室年月日鄞州区五水共治募捐资金使用管理办法修订第一章总则第一条为进一步加强和规范五水共治募捐资金的使用和管理充分发挥资金的引导作用和使用绩效特制订本办法第二条资金来源与用途资金由鄞州区广大企业个人自愿捐赠在区光彩事业专用资金账户内设立相对独立专户主要用于属地镇街道园区五水共治项目建设无法明确用于属地镇街道园区的捐赠资金统筹用于全区五水共治项目建设第三条资金使用原则资金使用遵循公开透明专款专用规范管理严格监督的原则第二章资金使用范围和标准第四条资金使用范围按照全区五水共治的整体部署和工作要求募捐资金用于全区治污水防洪水排涝水保供水抓节水的五水共治项目主要包括污水管网建设农村生活污水治理黑臭河整治生态河道建设沿河沿岸整治等方面项目按照相关规定进行工程招投标项目可查看可监督见实效第五条资金使用标准一级财政预算管理的镇街道园区需要使用募捐资金的五水共治项目需有自有,regulatory,
51,2014-宁波市鄞州区人民政府办公室关于印发鄞州区农村防洪排涝、农村河道疏浚及小型水库山塘整治三年行动计划.docx,宁波市,鄞州区,2014.0,incentive,regulatory,1.0,(keyword fallback),宁波市鄞州区人民政府办公室关于印发鄞州区农村防洪排涝农村河道疏浚及小型水库山塘整治三年行动计划各镇乡政府街道办事处区政府各部门直属单位鄞州区农村防洪排涝农村河道疏浚及小型水库山塘整治三年行动计划年已经区政府常务会议审议通过现予以印发请认真贯彻执行宁波市鄞州区人民政府办公室年月日鄞州区农村防洪排涝农村河道疏浚及小型水库山塘整治三年行动计划年为全面贯彻省市五水共治重要决策部署认真落实鄞州区五水共治三年行动计划依托现代水利百亿工程建设平台围绕防洪水排涝水治污水保供水的总体目标要求结合鄞州治水实际特制订鄞州区农村防洪排涝农村河道疏浚及小型水库山塘整治三年行动计划年一总体要求按照鄞州区五水共治三年行动计划提出的治水目标和工作要求大力实施防洪水排涝水治污水保供水等行动进一步构建外挡中疏下排三位一体的区域防洪减灾体系区域水环境提升体系和水资源保障体系至年力争实现奉化江姚江东江剡江全线封闭大嵩江重要堤段防洪标准提高到年一遇鄞东南沿山干河九曲河新城区段排涝能力提高到年一遇完成新一轮全区农村河道清淤疏浚工作消除全区小型水库和屋顶山塘安全隐患二目标任务一大力实施重要堤防工程建设加快奉化江姚江以及大嵩江等三大,regulatory,
53,2014-宁波市鄞州区人民政府办公室关于印发《鄞州区“五水共治”募捐资金使用管理办法》的通知.docx,宁波市,鄞州区,2014.0,regulatory,incentive,0.5,(keyword fallback),宁波市鄞州区人民政府办公室关于印发鄞州区五水共治募捐资金使用管理办法的通知各镇乡政府街道办事处区政府各部门直属单位鄞州区五水共治募捐资金使用管理办法已经区政府第次常务会议讨论通过现印发给你们请遵照执行宁波市鄞州区人民政府办公室年月日鄞州区五水共治募捐资金使用管理办法第一章总则第一条为进一步加强和规范五水共治募捐资金的使用和管理充分发挥资金的引导作用和使用绩效特制订本办法第二条资金来源与用途资金由鄞州区广大企业个人自愿捐赠在区光彩事业专用资金账户内设立相对独立专户主要用于属地镇乡街道五水共治项目建设第三条资金使用原则资金使用遵循公开透明专款专用规范管理严格监督的原则第二章资金使用范围和标准第四条资金使用范围按照全区五水共治的整体部署和工作要求募捐资金用于各镇乡街道治污水防洪水排涝水保供水抓节水的五水共治实体项目主要包括污水管网建设农村生活污水治理黑臭河整治生态河道建设沿河沿岸整治等方面实体项目必须按照相关规定进行工程招投标项目可查看可监督见实效第五条资金使用标准各镇乡街道需要使用募捐资金的五水共治项目镇乡街道需有自有资金配套募捐资金申请额度一般不高于项目建设镇乡街道应承担额的第三章资金申,regulatory,
67,2008-关于印发鄞州区农村生活污水分散式生态处理工作实施意见的通知.docx,宁波市,鄞州区,2008.0,regulatory,incentive,1.0,(keyword fallback),关于印发鄞州区农村生活污水分散式生态处理工作实施意见的通知各镇乡政府街道办事处区政府各部门直属单位鄞州区农村生活污水分散式生态处理工作实施意见已经区政府第次常务会议讨论通过现印发给你们请认真贯彻执行二八年四月十六日鄞州区农村生活污水分散式生态处理工作实施意见根据鄞州区排污专项规划修编确定的目标我区在建设城镇集中式生活污水处理设施的同时对难以纳入城镇污水厂进行集中处理的偏远农村生活污水将实施分散式生态处理为加快农村污水分散式生态处理设施建设保障全区农村生活污水处理工作顺利实施现结合我区实际制定如下实施意见一指导思想和总体目标以党的十七大提出的生态文明建设目标为指导贯彻落实科学发展观按照三大行动纲领要求通过年有计划有步骤的建设使全区有个左右的行政村完成此项工作提高偏远农村生活污水处理水平强化饮用水源保护改善群众生产生活环境切实为民办实事办好事为生态区建设奠定坚实基础二实施范围全区范围内生活污水不能纳入城镇集中式污水处理厂处理需要实施分散式生态处理的偏远行政村自然村主要是山区半山区村和水库上游村但列入拆迁搬迁规划范围以及村民实际居住户数小于户或实际居住人口小于人的行政村或自然村暂不列入本次实,regulatory,
69,2014-宁波市鄞州区人民政府关于印发鄞州区农村污水治理资金补助办法的通知.docx,宁波市,鄞州区,2014.0,regulatory,incentive,1.0,(keyword fallback),宁波市鄞州区人民政府关于印发鄞州区农村污水治理资金补助办法的通知各镇乡政府街道办事处区政府各部门直属单位鄞州区农村污水治理资金补助办法已经区政府第次常务会议审议通过现印发给你们请各有关单位予以认真贯彻落实宁波市鄞州区人民政府年月日鄞州区农村污水治理资金补助办法按照鄞州区五水共治三年行动计划甬鄞党发号和关于实施农村生活污水治理三年行动计划的通知鄞党办号文件要求为加快农村污水治理和质量提升加大项目补助力度规范财政资金使用特制定本办法一基本要求坚持整体推进把农村污水治理与新农村建设农村环境综合整治三改一拆文明创建等工作有机结合起来形成加快农村污水治理的整体合力坚持有序推进系统制定农村污水治理规划按照城镇建成区优先镇乡工业区块优先旧村改造新村建设优先原则合理安排农村污水治理项目坚持科学推进因地制宜开展农村污水治理按照建一个成一个要求进一步加大力度突出重点注重实效落到实处切实发挥农村污水治理的实际成效二实施主体各镇乡和石碶街道作为农村污水治理的实施主体负责辖区内农村污水治理主要包括镇乡污水收集管网建设村级污水治理户外工程和村级污水治理接户工程三补助项目一镇乡污水收集管网建设列入鄞州区排污专项规划,incentive,
72,2020-关于印发《北仑区岩河流域上下游横向生态补偿实施方案（试行）》的通知.docx,宁波市,北仑区,2020.0,regulatory,incentive,1.0,(keyword fallback),关于印发北仑区岩河流域上下游横向生态补偿实施方案试行的通知县水利局你局关于要求下达海盐县查找补齐清三河短板清淤河道计划的请示盐水号文件收悉为进一步巩固深化清三河工作成果防止三河反弹现象发生全力创建省级清三河达标县经县五水共治办研究确定查找补齐清三河短板清淤河道计划现批复计划如下全县计划投资万元对武原街道元通街道百步镇澉浦镇通元镇等个镇街道计划清淤河道条池塘处打捞沉船艘修筑护岸米清淤长度公里清淤土方量万立方米具体明细见附件请据此抓紧组织实施严格执行工程招投标相关规定项目实施中涉及的其它事项请按规定与相关部门联系办理海盐县发展和改革局年月日,incentive,
75,2020-关于下达北仑区2020年度工业园区（集聚区）“污水零直排区”建设提升项目的通知.docx,宁波市,北仑区,2020.0,regulatory,incentive,0.5,(keyword fallback),关于下达北仑区年度工业园区集聚区污水零直排区建设提升项目的通知县水利局你局关于要求下达海盐县查找补齐清三河短板清淤河道计划的请示盐水号文件收悉为进一步巩固深化清三河工作成果防止三河反弹现象发生全力创建省级清三河达标县经县五水共治办研究确定查找补齐清三河短板清淤河道计划现批复计划如下全县计划投资万元对武原街道元通街道百步镇澉浦镇通元镇等个镇街道计划清淤河道条池塘处打捞沉船艘修筑护岸米清淤长度公里清淤土方量万立方米具体明细见附件请据此抓紧组织实施严格执行工程招投标相关规定项目实施中涉及的其它事项请按规定与相关部门联系办理海盐县发展和改革局年月日,regulatory,
77,2020-关于印发宁波市北仑区“五水共治”污水（河道）治理专项资金使用管理办法的通知.docx,宁波市,北仑区,2020.0,regulatory,incentive,1.0,(keyword fallback),关于印发宁波市北仑区五水共治污水河道治理专项资金使用管理办法的通知各街道办事处相关部门区五水办为加快推进我区五水共治污水河道治理工作实现全区河道水质整体提标的工作目标进一步加强和规范五水共治污水河道专项资金管理提高资金使用效益宁波市生态环境局北仑分局北仑区财政局决定对宁波市北仑区五水共治污水河道治理专项资金使用管理办法仑环号进行修订现将修订后的办法予以印发请遵照执行附件宁波市北仑区五水共治污水河道治理专项资金使用管理办法宁波市北仑区五水共治污水河道治理专项资金申报指南宁波市北仑区环境保护河道专项资金项目申报表宁波市生态环境局北仑分局宁波市北仑区财政局年月日附件宁波市北仑区五水共治污水河道治理专项资金使用管理办法第一条为加快推进我区五水共治污水河道治理工作实现全区河道水质整体提标的工作目标进一步加强和规范五水共治污水河道专项资金管理提高资金使用效益根据宁波市五水共治污水河道治理专项资金使用管理办法甬环发号精神结合我区实际制定本办法第二条资金来源区五水共治污水河道治理专项资金以下简称污水河道治理专项资金来源于上级部门补助下达的五水共治污水河道治理专项资金第三条补助对象污水河道治理专项资金定,regulatory,
78,2020-关于印发宁波市北仑区国控（省控）考核断面水质治理专项资金使用管理实施细则的通知.docx,宁波市,北仑区,2020.0,regulatory,incentive,1.0,(keyword fallback),关于印发宁波市北仑区国控省控考核断面水质治理专项资金使用管理实施细则的通知各街道办事处相关部门为规范国控省控考核断面水质治理专项资金管理提高资金使用效益根据关于印发宁波市国控省控考核断面水质治理专项资金使用管理办法的通知甬环发号有关规定结合我区实际制定本细则现印发给你们请遵照执行附件宁波市北仑区国控省控考核断面水质治理专项资金使用管理实施细则宁波市北仑区国控省控考核断面水质治理专项资金申报指南宁波市北仑区国控省控考核断面水质治理专项资金项目申报表宁波市生态环境局北仑分局宁波市北仑区财政局年月日附件宁波市北仑区国控省控考核断面水质治理专项资金使用管理实施细则第一条为加强我区国控省控考核断面水质治理工作提升国控省控考核断面水环境质量进一步规范国控省控考核断面水质治理专项资金管理提高资金使用效益根据关于印发宁波市国控省控考核断面水质治理专项资金使用管理办法的通知甬环发号精神结合我区实际制定本细则第二条资金来源区国控省控考核断面水质治理专项资金以下简称断面治理专项资金来源于上级部门补助下达的国控省控考核断面水质治理环保专项资金第三条补助对象一宁波市列入国务院水污染防治行动计划国发号和浙江省水污,regulatory,
81,2019-关于印发北仑区生态环境质量公众满意度提升工作方案的通知.docx,宁波市,北仑区,2019.0,regulatory,informational,1.0,(keyword fallback),关于印发北仑区生态环境质量公众满意度提升工作方案的通知各街道办事处各有关单位现将北仑区生态环境质量公众满意度提升工作方案印发给你们请认真贯彻落实北仑区生态文明建设指导委员会办公室年月日北仑区生态环境质量公众满意度提升工作方案生态环境质量公众满意度已纳入省委省政府对各地党政领导班子实绩考核评价和美丽宁波美丽北仑建设考核也是我区创建国家生态文明建设示范区的必备条件为扎实推进我区生态环境质量公众满意度提升工作结合我区实际特制定本方案一工作目标年度北仑区生态环境质量公众满意度调查在省市排名有明显提升确保在宁波市内排名提升名以上二工作内容北仑区全面实施双城战略两整两提专项攻坚行动加快推进美丽北仑建设大力开展垃圾分类清洁家园五水共治大棚房整治蓝天保卫战打击非法加油等环境整治行动全区生态环境质量显著改善在做好生态环境整治的同时结合北仑区绿满港城生态提升工程实施方案重点开展满意度宣传六进活动和策划实施各类宣传活动不断提升三个率公众对环境整治工作的知晓率参与率和对生态环境质量的满意率一策划实施各类宣传活动常规新闻报道围绕美丽北仑建设两整两提和争先创优立功竞赛等全区中心工作针对污染防治攻坚战开展情况及成效,regulatory,
95,2018-关于印发《宁波杭州湾新区第二次全国污染源普查实施方案》的通知.docx,宁波市,宁波前湾新区,2018.0,regulatory,informational,0.75,(keyword fallback),关于印发宁波杭州湾新区第二次全国污染源普查实施方案的通知各局办委庵东镇人民政府各有关单位经管委会研究同意现将宁波杭州湾新区第二次全国污染源普查实施方案予以印发请遵照执行宁波杭州湾新区开发建设管理委员会办公室年月日宁波杭州湾新区第二次全国污染源普查实施方案根据国务院关于开展第二次全国污染源普查的通知国发号国务院办公厅关于印发第二次全国污染源普查方案的通知国办发号浙江省关于开展第二次污染源普查的通知浙政发号浙江省人民政府办公厅关于印发浙江省第二次全国污染源普查方案的通知浙政办发号宁波市人民政府关于开展第二次全市污染源普查的通知甬政发号以及宁波杭州湾新区开发建设管理委员会关于开展第二次污染源普查的通知甬新管发号等文件部署要求制订本实施方案一普查工作目标摸清全区各类污染源基本信息数量结构和分布状况掌握区域流域行业污染物产生排放和处理情况建立健全各类污染源档案污染源信息数据库和环境统计平台为加强污染源监管防控环境风险服务环境与发展综合决策提供依据二普查时点对象范围和内容一普查时点普查标准时点为年月日时期资料为年度资料二普查对象范围与内容普查对象为杭州湾新区管理范围内有污染源的单位和个体经营户范围,regulatory,
105,2021-宁波市奉化区人民政府关于给予全区“五水共治”工作突出贡献集体和个人行政奖励的决定.docx,宁波市,奉化区,2021.0,regulatory,incentive,1.0,该政策文本的核心是给予在水污染治理工作中做出突出贡献的集体和个人行政奖励，属于通过奖励机制引导和激励行为的手段。,宁波市奉化区人民政府关于给予全区五水共治工作突出贡献集体和个人行政奖励的决定各镇人民政府街道办事处区政府各部门各直属单位年全区各地各部门紧紧围绕省市和区委部署要求全力推进五水共治污水零直排治水治污攻坚战取得了显著成效根据浙江省人民政府关于印发浙江省行政奖励暂行办法的通知浙政发号决定给予五水共治工作有突出贡献的区水利局等家单位和朱家栋等名个人行政奖励具体名单如下一集体名单共个区水利局区综合执法局区五水共治办区农商集团区生态环境分局莼湖街道办事处方桥街道办事处溪口镇政府大堰镇政府亭下水库管理站二个人名单共人田武林区委办朱家栋区委组织部董能国区住建局姚鹏东区水利局陈彩虹区农业农村局蔡平辉区综合执法局徐劲波区五水共治办李永波区五水共治办戴敏敏区五水共治办胡晓晖区五水共治办罗亚男区五水共治办方辉开发区管委会周浩区融媒体中心董志霞区农商集团王璐飚区生态环境分局毛波涛锦屏街道办事处胡孟军岳林街道办事处王旭浩莼湖街道办事处王旭之西坞街道办事处印彭耀尚田街道印家坑村汪雷波萧王庙街道办事处汪潮辉江口街道办事处孙翔方桥街道办事处毛立安溪口镇政府谢骅大堰镇政府孙钰洁裘村镇政府林盛吉松岙镇政府宁波市奉化区人民政,incentive,
106,2016-关于印发《奉化市“五水共治”污水（河道）治理及国（省）控断面水质提升水污染防治项目专项资金使用管理办法》的通知.docx,宁波市,奉化区,2016.0,regulatory,incentive,1.0,(keyword fallback),关于印发奉化市五水共治污水河道治理及国省控断面水质提升水污染防治项目专项资金使用管理办法的通知各镇人民政府街道办事处市经济开发区为促进我市五水共治工作扎实推进污水河道治理工程开展和促进国省控断面水质提升根据宁波市财政局宁波市环保局关于印发宁波市五水共治污水河道治理专项资金使用管理办法的通知甬环发号宁波市环境保护专项资金使用管理办法甬环发号等文件精神结合我市实际特制定了奉化市五水共治污水河道治理及国省控断面水质提升水污染防治项目专项资金使用管理办法现印发给你们请遵照执行奉化市环境保护局奉化市财政局年月日奉化市五水共治污水河道治理及国省控断面水质提升水污染防治项目专项资金使用管理办法第一条为贯彻落实奉化市五水共治三年行动计划实施方案市委号奉化市河长制实施方案市委办号等文件要求扎实推进我市污水河道治理工程开展提升辖区水环境质量和国省控断面水质加快生态文明建设根据宁波市环境保护专项资金使用管理办法甬环发号和宁波市五水共治污水河道治理专项资金使用管理办法甬环发号的规定结合我市实际特制定本办法第二条资金来源我市五水共治污水河道治理专项资金国省控断面水质提升水污染治理专项资金来源于宁波市级五水共治污,regulatory,
125,2022-关于下达太湖河、杨府庙河塌方段修复及石洪池整治建设计划的通知.docx,台州市,温岭市,2022.0,regulatory,incentive,1.0,(keyword fallback),关于下达太湖河杨府庙河塌方段修复及石洪池整治建设计划的通知大溪镇箬横镇城南镇人民政府应你镇请示结合现场走访评估现将相关工程计划下达如下太湖河是太湖水库泄洪的唯一河道太湖河上游段河岸砌石建于年代现太湖河上游段照洋村处米发生塌方其中约米已滑坡至河道中间严重影响河道行洪经研究对太湖河塌方段实施河岸修复工程工程总投资约万元验收合格后予以项目补助经费万元杨府庙河为箬横镇骨干河道连接市级运粮河及车路横河担负着该镇南片水系互通及行洪安全的重要功能因受年号台风烟花影响导致兴盛段河岸约米塌方绿道约米受损严重影响河道行洪经研究对杨府庙河塌方段实施河岸修复工程工程总投资约万元验收合格后予以项目补助经费万元湖漫水库二级保护区内的坑洋村石洪池在上级五水共治检查中发现水质不达标为不影响水源地整体水质经研究应加快实施小微水体水质提升整治工程验收合格后予以项目补助经费万元上限万以实际结算为准上述经费在河湖库塘建设与管理中列支请你们切实加强组织领导建立项目推进工作机制坚持问题导向目标导向结合本地实际做好河岸修复小微水体水质提升整治项目管理温岭市农业农村和水利局温岭市财政局年月日,regulatory,
126,2016-温岭市人民政府办公室关于印发《温岭市城镇污水处理设施建设补助资金管理办法》的通知.docx,台州市,温岭市,2016.0,regulatory,incentive,1.0,(keyword fallback),温岭市人民政府办公室关于印发温岭市城镇污水处理设施建设补助资金管理办法的通知各镇人民政府各街道办事处市政府直属各单位在温垂直管理各单位温岭市城镇污水处理设施建设补助资金管理办法已经市政府同意现印发给你们请认真抓好落实温岭市人民政府办公室年月日温岭市城镇污水处理设施建设补助资金管理办法第一章总则第一条为大力推进我市城镇污水处理设施建设规范建设资金的使用和管理提高资金使用效益促进水污染防治结合我市实际特制定本办法第二条温岭市城镇污水处理设施建设补助资金是指由市级财政预算安排用于支持我市镇级污水处理设施和村级污水管网建设的专项补助资金本办法所称的镇级污水处理设施是指各建制镇城北街道横峰街道自行投资建设服务于本辖区的污水处理厂泵站及其配套管网不包括各市级部门管委会指挥部投资建设的项目本办法所称的村级污水管网是指纳入市镇两级污水处理厂处理由各行政村投资建设从用户排污口至城镇污水主干管的管网位于城镇管网覆盖范围外采用集中式生物或生化处理的农村生活污水处理设施及管网建设不适用于本办法第三条市专项补助资金实行年度计划管理镇级污水处理设施和村级污水管网建设补助项目由各镇街道在每年的月底前统一向市城乡污水,regulatory,
131,2015-温岭市人民政府办公室关于调整温岭市农村生活污水处理设施建设补助资金管理办法的通知.docx,台州市,温岭市,2015.0,regulatory,incentive,1.0,(keyword fallback),温岭市人民政府办公室关于调整温岭市农村生活污水处理设施建设补助资金管理办法的通知各镇人民政府各街道办事处市政府直属各单位在温垂直管理各单位温岭市农村生活污水处理设施建设补助资金管理办法温政办发号的出台规范了我市农村生活污水治理建设资金的使用和管理提高了资金使用效率为进一步推进我市农村生活污水治理工程建设确保农村生活污水治理工程建设质量和效果根据中共浙江省委办公厅浙江省人民政府办公厅关于深化千村示范万村整治工程扎实推进农村生活污水治理的意见浙委办发号关于切实加强农村生活污水治理接户工程质量管理的通知浙村整建办号和关于扎实推进农村生活污水治理的实施意见温政发号精神以及温岭市农村生活污水治理实际经市政府同意现将温岭市农村生活污水处理设施建设补助资金管理办法温政办发号部分条款作适当调整调整条款如下第二条温岭市农村生活污水处理设施建设补助资金是指由各级财政预算安排用于支持我市农村生活污水处理设施建设的专项补助资金本办法所称的农村生活污水处理设施是指温岭城市和建制镇规划建设用地范围以外的农村地区由各镇村投资建设的村域生态化污水处理设施及其污水管网包括接户工程含雨污分离管网工程终端处理工程等第六条农,regulatory,
133,2018-关于下达2018年度各镇（街道）河道疏浚整治、美丽河道（池塘）建设、保洁计划任务的通知.docx,台州市,温岭市,2018.0,incentive,regulatory,1.0,(keyword fallback),关于下达年度各镇街道河道疏浚整治美丽河道池塘建设保洁计划任务的通知各镇街道人民政府办事处为进一步深入开展五水共治工作加快推进温岭市水环境综合整治全面提升全市水环境质量现将年度河道疏浚整治美丽河道池塘建设保洁长效管理工作计划下达给你们详见附件并就有关事项通知如下一切实维护计划严肃性各地要切实加强领导提高认识精心组织周密部署要结合本地实际以市委市政府部署的五水共治多城同创四边三化城乡环境整治及美丽乡村建设为抓手优先按照成片连线疏浚整治的工作要求充分发挥投入效益彰显规模效益和工作效能切实落实河道疏浚整治美丽河道池塘建设任务同时要制定切实可行的实施方案按方案实施切实维护计划的严肃性二认真执行相关规定各地要按照省水利厅印发的浙江省万里清水河道建设技术要求和修订后的温岭市河道疏浚综合整治工程项目和专项资金管理办法温治水办号温岭市河道疏浚综合整治工程项目和专项资金管理补充调整办法温治水办号温岭市河道巡查保洁长效及以奖代补资金补助办法试行温治水办号以及温岭市美丽河道池塘项目建设及资金管理办法温水号的规定严格规范程序多渠道筹集经费保障资金投入同时要建立健全相关规章制度实行专职专人负责制做到定河段定人员定,regulatory,
137,2023-关于下达2023年河湖库塘疏浚项目建设计划的通知.docx,台州市,温岭市,2023.0,regulatory,incentive,0.5,(keyword fallback),关于下达年河湖库塘疏浚项目建设计划的通知各镇人民政府街道办事处为全面落实省委省政府乡村振兴战略规划加快推进温岭市水环境综合整治全面提升全市水环境质量提高河道行洪能力根据温岭市年市级投资项目建设计划温发改号现下达年河湖库塘疏浚项目建设计划总投资万元请据此尽快办理立项等相关手续特此通知附件年河湖库塘疏浚项目建设计划表温岭市农业农村和水利局温岭市财政局温岭市发展和改革局年月日附件年河湖库塘疏浚项目建设计划表,regulatory,
138,2021-关于印发《温岭市河道（池塘）疏浚综合整治工程项目和专项资金管理办法》的通知.docx,台州市,温岭市,2021.0,regulatory,incentive,1.0,(keyword fallback),关于印发温岭市河道池塘疏浚综合整治工程项目和专项资金管理办法的通知各镇街道人民政府办事处为全面推动落实省委省政府提出的五水共治乡村振兴战略决策进一步加强河道池塘疏浚综合整治管理工作规范专项资金使用与管理现将修订后的温岭市河道池塘疏浚综合整治工程项目和专项资金管理办法印发给你们请遵照执行温岭市农业农村和水利局温岭市财政局温岭市环境综合整治事务中心年月日温岭市河道池塘疏浚综合整治工程项目和专项资金管理办法第一章总则第一条为认真贯彻落实省委省政府关于五水共治和美丽乡村战略部署根据市委市政府新农村建设和生态文明建设的要求按照重点河道优先整治区域河道成片连线综合整治等原则进一步加快河道池塘疏浚综合整治步伐促进河道池塘疏浚综合整治工程专项资金规范使用与管理现结合本市实际特修订本办法第二条实施河道池塘疏浚综合整治工程应遵循统筹规划讲求实效建管并重生态文明持续发展的原则根据当地地形地貌河道池塘条件和经济社会发展水平参照国家有关水利工程的技术规范因地制宜采取的工程措施第三条河道池塘疏浚综合整治工程是一项公益性事业按照河道池塘属地负责并管理原则由镇街道负责组织实施对实施河道池塘疏浚综合整治并按计划通过验收,regulatory,
141,2020-关于下达2020年度各镇（街道）河道疏浚整治、保洁计划任务的通知.docx,台州市,温岭市,2020.0,incentive,regulatory,1.0,(keyword fallback),关于下达年度各镇街道河道疏浚整治保洁计划任务的通知各镇人民政府街道办事处为进一步深入开展五水共治工作加快推进温岭市水环境综合整治全面提升全市水环境质量现将年度河道疏浚整治保洁长效管理工作计划下达给你们详见附件并就有关事项通知如下一切实维护计划严肃性各地要切实加强领导提高认识精心组织周密部署结合本地实际以市委市政府部署的五水共治清三河美丽乡村及乡村振兴建设为抓手优先按照成片连线疏浚整治的工作要求充分发挥投入效益彰显规模效益和工作效能切实落实河道疏浚整治建设任务同时要制定切实可行的实施方案按方案实施切实维护计划的严肃性二认真执行相关规定各地要按照省水利厅印发的浙江省万里清水河道建设技术要求和修订后的温岭市河道疏浚综合整治工程项目和专项资金管理办法温治水办号温岭市河道疏浚综合整治工程项目和专项资金管理补充调整办法温治水办号关于印发温岭市河道疏浚综合整治工程项目和专项资金管理补充调整办法二的通知温农水号及温岭市河道巡查保洁长效及以奖代补资金补助办法试行温治水办号的规定严格规范程序多渠道筹集经费保障资金投入同时要建立健全相关规章制度实行专职专人负责制做到定河段定人员定经费定责任建立台帐并按时上报,regulatory,
159,2022-临海市农业农村局关于下达2022年农田氮磷生态拦截沟渠系统建设任务实施计划的通知.docx,台州市,临海市,2022.0,regulatory,incentive,0.75,(keyword fallback),临海市农业农村局关于下达年农田氮磷生态拦截沟渠系统建设任务实施计划的通知各镇街道人民政府办事处为进一步发挥氮磷生态拦截沟渠系统在农田排水污染拦截美丽田园建设中的功能形成一批可复制可推广的高标准示范模式根据台州市农业农村局关于下达年农业生态保护与质量安全主要工作计划的通知台农专发号文件要求现下达临海市年农田氮磷生态拦截沟渠系统建设计划临海市小芝镇马家岙农田氮磷生态拦截沟渠改造工程详见附件请项目承担单位按照方案认真组织实施做好沟渠系统的工程建设规划设计施工和验收同时要加强项目管理规范项目资金使用提高资金使用绩效项目建设单位务必规范财务管理健全账册项目单位完成建设计划后要及时进行项目总结并将相关资料台帐汇编成册报至市农业农村局市农业农村局将按计划组织验收附件农田氮磷生态拦截沟渠建设实施方案简表项目实施单位情况表临海市农业农村局年月日附件农田氮磷生态拦截沟渠建设实施方案简表附件项目实施单位情况表,regulatory,
162,2023-临海市农业农村局关于下达2023年农田氮磷生态拦截沟渠系统建设任务实施计划的通知.docx,台州市,临海市,2023.0,regulatory,incentive,0.75,(keyword fallback),临海市农业农村局关于下达年农田氮磷生态拦截沟渠系统建设任务实施计划的通知各镇街道人民政府办事处为进一步发挥氮磷生态拦截沟渠系统在农田排水污染拦截美丽田园建设中的功能形成一批可复制可推广的高标准示范模式根据台州市农业农村局关于下达年农业生态保护与质量安全主要工作计划的通知台农专发号文件要求现下达临海市年农田氮磷生态拦截沟渠系统建设计划临海市沿江镇清潭头村农田氮磷生态拦截沟渠改造工程详见附件请项目承担单位按照方案认真组织实施做好沟渠系统的工程建设规划设计施工和验收同时要加强项目管理规范项目资金使用提高资金使用绩效项目建设单位务必规范财务管理健全账册项目单位完成建设计划后要及时进行项目总结并将相关资料台帐汇编成册报至市农业农村局市农业农村局将按计划组织验收附件农田氮磷生态拦截沟渠建设实施方案简表项目实施单位情况表临海市农业农村局年月日附件农田氮磷生态拦截沟渠建设实施方案简表,regulatory,
164,2023-临海市港航口岸和渔业管理局关于印发《2023年度全市港航渔业领域“五水共治”找短板寻盲区查漏洞挖死角专项行动方案》的通知.docx,台州市,临海市,2023.0,informational,regulatory,1.0,(keyword fallback),临海市港航口岸和渔业管理局关于印发年度全市港航渔业领域五水共治找短板寻盲区查漏洞挖死角专项行动方案的通知局机关各科室下属各单位为贯彻落实省市级相关文件精神切实消除我市渔业港航领域五水共治短板隐患根据年度全市五水共治找短板寻盲区查漏洞挖死角专项行动深化方案临治水办号文件精神经研究持续开展年度港航渔业领域五水共治找短板寻盲区查漏洞挖死角专项行动现将有关事项通知如下一排查内容按照省台州市临海市五水共治找寻查挖专项行动方案要求坚持问题导向目标导向效果导向紧盯重点地区重点对象重点环节查问题隐患整改整治成效主体责任落实情况针对港航渔业领域重点排查查违法违规排污现象船舶是否按规定配备污染处理设施港口码头污染物处理设施是否配备到位转运处置是否规范及时有无违建码头等情况查水域海域岸线安全盲区水域海域岸线是否存在乱占乱采乱堆乱建等突出四乱问题有无固体废物垃圾污泥等乱倒乱放现象等情况查农业面源污染隐患规模养殖场审批手续是否齐全养殖污水尾水是否直排外环境二时间和方式各科室站队要立即行动依据排查内容尽快组织系统内自查自纠开展五水共治的宣传发动进行拉网式地毯式排查要入点入企入港摸清摸细摸实家底不漏一户一企一港横向,regulatory,
167,2015-临海市人民政府办公室关于印发临海头门港新区工业污水处理复合收费实施办法（试行）的通知.docx,台州市,临海市,2015.0,regulatory,incentive,1.0,(keyword fallback),临海市人民政府办公室关于印发临海头门港新区工业污水处理复合收费实施办法试行的通知临海经济开发区临海头门港新区管委会各镇人民政府街道办事处市政府直属各单位临海头门港新区工业污水处理复合收费实施办法试行已经市十五届政府第次常务会议研究同意现印发给你们请遵照执行临海市人民政府办公室年月日此件公开发布临海头门港新区工业污水处理复合收费实施办法试行为进一步优化资源配置提高水环境质量促进企业转型升级根据关于在杭州市萧山区等个县市区推广开展资源要素市场化配置综合配套改革的复函浙政办函号临海市资源要素市场化配置综合配套改革实施方案临市委办号关于开展工业企业环境资源综合评价加快工业经济转型发展的实施意见试行临政办发号等规定结合临海头门港新区实际特制订本办法一收费范围本次试行范围为头门港新区所有工业企业二计费方法一计费方式按污水排放量和种污染因子化学需氧量酸碱度值总磷氨氮数值复合计收污水处理费二计量方法污水排放量的核定医化企业按取用水量即售水量和自备水取水量之和的计收合成革企业按取用水量的计收非医化非合成革企业按取用水量的计收种污染因子值数值的核定安装污染因子自动监测设备且监测数据通过有效性验证的企业按自,regulatory,
168,2021-临海市人民政府关于临海市大中型水库集雨区生态补偿机制的实施意见.docx,台州市,临海市,2021.0,regulatory,incentive,1.0,(keyword fallback),临海市人民政府关于临海市大中型水库集雨区生态补偿机制的实施意见各镇人民政府街道办事处市政府直属各单位为贯彻落实台州市人民政府关于建立健全生态补偿机制的若干意见台政发号精神进一步加强保护水库集雨区的生态环境特提出如下实施意见一指导思想以科学发展观为指导以推进生态市建设和统筹区域发展为主线保护和改善集雨区生态环境质量以体制创新政策创新科技创新和管理创新为动力不断完善政府调控手段和政策措施进一步完善集雨区生态补偿机制逐步缩小市域内经济社会发展中的城乡差别实现全市经济社会又好又快发展二总体目标以牛头山水库方溪水库童燎水库溪口水库集雨区的自然生态环境和资源条件为基础建立一个长期的生态补偿机制把各大中型水库集雨区建设成为生态功能良性循环生态环境优美舒适的重点生态区域确保各水库饮用水源地水质稳定在类以上水体三生态补偿的内容一水库集雨区基础设施建设及运转维护含村级二水库集雨区以日常生活垃圾处理和生活污水处理为主的环保设施运转维护含村级三水库集雨区民生工程和民生事业支出含村级四市政府批准的用于水库集雨区生态环境保护事业的其他项目四生态补偿资金的筹措和使用一生态补偿资金的筹措建立市大中型水库集雨区生态补偿,incentive,
170,2021-玉环市发展和改革局 台州市生态环境局玉环分局关于印发玉环市生态环境保护“十四五”规划的通知.docx,台州市,玉环市,2021.0,regulatory,informational,0.5,(keyword fallback),玉环市发展和改革局台州市生态环境局玉环分局玉发改规划号玉环市发展和改革局台州市生态环境局玉环分局关于印发玉环市生态环境保护十四五规划的通知各乡镇人民政府各街道办事处市政府直属各单位玉环市生态环境保护十四五规划已由市政府批复同意现印发给你们请结合实际认真组织实施玉环市发展和改革局台州市生态环境局玉环分局年月日玉环市生态环境保护十四五规划年月前言十四五时期是两个一百年奋斗目标的历史交汇期是污染防治攻坚战取得阶段性胜利继续推进美丽中国建设的关键期是浙江省努力建设展示人与自然和谐共生生态文明高度发达的重要窗口的关键时期也是玉环市建设新时代美丽玉环争当重要窗口美丽中国先行示范市全力打造浙东南地区重要发展极的关键时期省委十四届七次全会把生态文明建设作为建设十方面重要窗口形成十三项标志性成果的重要内容之一赋予了生态环境保护全新的历史使命因此科学研究并编制玉环市生态环境保护十四五规划不仅对指导我市十四五时期生态环境保护事业发展具有重大意义也是我市深入贯彻落实习近平生态文明思想增亮重要窗口底色秉持绿岛蓝湾也是金山银山理念全力建设滨海型两山实践创新基地的具体实践牢牢抓住长三角一体化发展这一机遇高质量推进全,informational,
173,2016-关于调整玉环县污水处理收费标准的通知.docx,台州市,玉环市,2016.0,regulatory,incentive,0.75,(keyword fallback),关于调整玉环县污水处理收费标准的通知各有关单位根据国家发展和改革委员会财政部住房和城乡建设部关于制定和调整污水处理收费标准等有关问题的通知发改价格号精神经县政府同意决定调整我县污水处理费收费标准现将有关事项通知如下一居民生活污水处理费全县范围内各街道及建制镇的居民生活污水处理费由元吨调整为元吨二工业污水处理费和非工业污水处理费工业污水处理费和非工业污水处理费按原标准执行三居民生活污水工业污水和非工业污水的执行范围居民生活污水工业污水和非工业污水的执行范围按浙江省物价局关于简化水价分类规范执行范围实行差别水价政策加快腾笼换鸟工作的通知浙价资号及浙江省物价局关于明确宗教场所用水价格类别的批复浙价资号文件规定执行四执行时间新收费标准从年月日排水时间起执行污水处理费属于政府非税收入全额上缴地方国库纳入地方政府性基金预算管理实行专款专用玉环县发展和改革局玉环县财政局玉环县住房和城乡建设规划局年月日此件公开发布,incentive,
175,2018-玉环市发展和改革局 玉环市财政局 玉环市环境保护局关于实行分类分档及多因子计收工业污水处理费的通知.docx,台州市,玉环市,2018.0,regulatory,incentive,0.75,(keyword fallback),玉环市发展和改革局玉环市财政局玉环市环境保护局关于实行分类分档及多因子计收工业污水处理费的通知各有关单位为建立工业污水处理差别化收费机制鼓励和引导企业加大污水处理设施投入和污水处理力度改善环境质量根据浙江省物价局浙江省财政厅浙江省环境保护厅关于加快推进分类分档及多因子计收工业污水处理费的指导意见浙价资号精神结合我市实际对超标排放的纳管工业企业实行分类分档及多因子计收污水处理费现将有关事项通知如下一实施范围玉环市区范围内产生工业污水纳入城镇公共管网并由污水处理厂处理的工业企业具体企业名单每年由市环保局负责确认二收费标准纳管排放污水的工业企业其排放的化学需氧量悬浮物总磷以计氨氮等多因子收费实行基准值污水处理费标准与浮动标准累加原则污染因子浓度超过基准值在基准值基础上加浮动标准污染因子浓度低于基准值按现行标准收取污水处理费具体标准如下单位元立方米直排企业建有规范化污水处理设施处理后的工业污水实现稳定达标且化学需氧量悬浮物总磷氨氮等污染因子浓度值全部符合环保部门核准的排放标准并经市人民政府批准的自建专用管线直接排入自然水体的可享受免征工业污水处理费政策直排企业超标排放污水的由市环保部门按照环保,incentive,
180,2018-台州市路桥区人民政府办公室关于下达路桥区2018年“五水共治”水利面上工作计划的通知.docx,台州市,路桥区,2018.0,informational,regulatory,1.0,(keyword fallback),台州市路桥区人民政府办公室关于下达路桥区年五水共治水利面上工作计划的通知各镇街道人民政府办事处区政府直属各单位为建设两个高水平标杆区的奋斗目标加快我区水利改革发展全面推进现代水利建设为改善河道水体质量美化城乡水域环境根据我区十三五河道疏浚清淤计划十三五河湖塘库清污淤泥实施方案和台州市路桥区人民政府办公室关于印发路桥区河道池塘治理项目管理办法的通知路政办发号结合我区五水共治及各镇街道实际情况特制定路桥区年五水共治水利面上工作计划现印发给你们请抓好时间节点认真组织实施确保该项任务在今年月底前全面完成附件年河道疏浚计划表年示范河道整治工程计划表年示范池塘整治工程计划表年断头河连通工程计划表年超计划池塘清淤情况表台州市路桥区人民政府办公室年月日此件公开发布附件年河道疏浚计划表附件年示范河道整治工程计划表备注序号项目工程由长潭灌区建设管理处负责实施属地街道负责政策处理项目施工时间至年附件年示范池塘整治工程计划表附件年断头河连通工程计划表附件年超计划池塘清淤情况表,regulatory,
184,2018-台州市路桥区人民政府办公室关于印发路桥区水事纠纷应急预案的通知.docx,台州市,路桥区,2018.0,informational,regulatory,1.0,(keyword fallback),台州市路桥区人民政府办公室关于印发路桥区水事纠纷应急预案的通知各镇街道人民政府办事处区政府直属各单位路桥区水事纠纷应急预案已经区政府同意现印发给你们请结合实际认真贯彻执行台州市路桥区人民政府办公室年月日此件公开发布路桥区水事纠纷应急预案随着我区经济的发展人民生活水平的提高和外来人口的大量集聚社会对水的需求量日益增长对水质的要求不断提高水的供需矛盾日益突出为了有效处置我区发生的突发性水事纠纷提高应急工作水平避免和减轻水事纠纷造成的损失维护人民群众生命财产安全和社会稳定根据中华人民共和国水法浙江省水资源管理条例等法律法规结合我区实际制定本预案一工作目标维护正常水事秩序促进社会和谐稳定二适用范围下列水事纠纷适用本预案一在河道管理范围内发生的跨镇街道的水事冲突二可能危及重要水工程安全的三发生人以上的群众性械斗四跨区级行政区域出现的水事纠纷五可能危及到人民群众饮用水安全的六发生突发性水污染事件的七其它情况需要启动的三处置原则一及时采取有效措施防止事态扩大二坚持协商处理和采取临时处置措施相结合三在水事纠纷解决前任何一方不得单方面改变水的现状四涉及饮用水安全的水事纠纷在纠纷得到解决前要确保当地人民群,regulatory,
188,2019-台州市路桥区人民政府办公室关于下达路桥区2019年“五水共治”河道（池塘）治理计划的通知.docx,台州市,路桥区,2019.0,informational,regulatory,1.0,(keyword fallback),台州市路桥区人民政府办公室关于下达路桥区年五水共治河道池塘治理计划的通知各镇街道人民政府办事处区政府直属各单位为深入贯彻落实市委市政府关于两抓年活动精神奋力推进两个高水平标杆区建设再上新台阶加快我区水利改革发展全面推进现代水利建设改善河湖水体质量建设美丽路桥根据我区十三五河道疏浚清淤计划十三五河湖塘库清污淤泥实施方案和台州市路桥区人民政府办公室关于印发路桥区河道池塘治理项目管理办法的通知路政办发号结合我区五水共治及各镇街道实际情况特制定路桥区年五水共治河道池塘治理计划现印发给你们请把握时间节点规范管理抓好实施确保该项任务在今年月底前全面完成附件年河道疏浚计划表年示范河道整治工程计划表年示范池塘整治工程计划表年断头河连通工程计划表台州市路桥区人民政府办公室年月日此件公开发布附件年河道疏浚计划表附件年示范河道整治工程计划表附件年示范池塘整治工程计划表附件年断头河连通工程计划表,regulatory,
192,2017-台州市路桥区人民政府办公室《关于印发路桥区五水共治整治项目与资金管理办法的通知》.docx,台州市,路桥区,2017.0,regulatory,incentive,0.5,(keyword fallback),台州市路桥区人民政府办公室关于印发路桥区五水共治整治项目与资金管理办法的通知台州市路桥区人民政府办公室关于印发路桥区五水共治整治项目与资金管理办法的通知各镇街道人民政府办事处区政府直属各单位路桥区五水共治整治项目与资金管理办法已经区政府同意现印发给你们请认真贯彻执行台州市路桥区人民政府办公室年月日此件公开发布路桥区五水共治整治项目与资金管理办法第一条为进一步加强和规范五水共治资金的使用管理发挥资金使用效益加快推进我区五水共治整治工作根据路桥区五水共治十大工程实施方案路区委办号精神和相关法律法规及财政资金管理规定制定本办法第二条本办法所称的五水共治整治项目包含治污水排涝水防洪水保供水抓节水五项内容以下简称整治项目是指为了贯彻落实省委省政府关于全面实施河长制进一步加强水环境治理工作的意见浙委发号和台州市区水环境综合整治规划台州市区截污大会战实施方案台政办函号要求所开展的一系列整治项目重点包括以建设美丽路桥为目标以保障人民群众身体健康为出发点切实解决水环境污染问题以治水为突破口推进转型升级为加快实现三个率先提供坚实的环境保障第三条本办法所称的五水共治整治资金以下简称整治资金是指财政安排包括上,regulatory,
193,2021-台州市路桥区人民政府办公室关于下达路桥区2021年“五水共治”河道（池塘）治理计划的通知.docx,台州市,路桥区,2021.0,informational,regulatory,1.0,(keyword fallback),台州市路桥区人民政府办公室关于下达路桥区年五水共治河道池塘治理计划的通知各镇街道人民政府办事处区政府直属各单位为忠实践行八八战略奋力打造重要窗口走深走实三立三进三突围新时代发展路径大力实施一区四城战略奋力争创社会主义现代化先行区加快推进路桥区水利现代化建设高质量发展改善河湖水体质量建设美丽路桥根据我区台州市路桥区人民政府办公室关于印发路桥区河道池塘治理项目管理办法的通知路政办发号和我区五水共治及各镇街道实际情况特制定路桥区年五水共治河道池塘治理计划现印发给你们请把握时间节点规范管理抓好实施确保该项任务在今年月底前全面完成附件年河道疏浚计划表年示范河道整治工程计划表年示范池塘整治工程计划表年断头河连通工程计划表台州市路桥区人民政府办公室年月日此件公开发布附件年河道疏浚计划表附件年示范河道整治工程计划表附件年示范池塘整治工程计划表附件年断头河连通工程计划表,regulatory,
194,2018-台州市路桥区人民政府办公室关于印发路桥区水质预警机制的通知.docx,台州市,路桥区,2018.0,informational,regulatory,1.0,(keyword fallback),台州市路桥区人民政府办公室关于印发路桥区水质预警机制的通知各镇街道人民政府办事处区政府直属各单位为全面巩固我市剿灭劣五类水整治成果根据市五水共治办河长办关于做好防反弹巩固剿劣成果相关工作的通知台治水办号文件精神结合路桥实际特制订路桥区水质预警机制现印发给你们请认真遵照执行台州市路桥区人民政府办公室年月日此件公开发布路桥区水质预警机制为巩固我区剿劣成果防止水质反弹特制定本机制一预警范围全区各常规地表水环境质量监测点位二工作目标通过水质预警监测及时有效防范水体反弹巩固剿劣成果三工作要求区环保分局在每月常规地表水环境质量监测前一周对我区存在反弹风险的断面进行预监测并将预监测情况以书面材料报告分管治水环保的区领导抄送区五水共治办河长办如预监测中发现断面水质反弹的区环保分局需马上分析原因提出对策措施并第一时间报告分管治水环保的区领导抄送区五水共治办河长办区环保分局要将每月常规地表水环境质量状况报送分管治水环保的区领导抄送区五水共治办河长办并针对水质类别下降或不达标分析原因提出对策措施区五水共治办河长办要根据区环保分局监测分析情况及时牵头召集相关职能部门和属地镇街道落实对策措施各相关职能部门和镇街,informational,
195,2017-台州市路桥区人民政府办公室关于下达路桥区2017年“五水共治”水利面上工作计划的通知.docx,台州市,路桥区,2017.0,informational,regulatory,1.0,(keyword fallback),台州市路桥区人民政府办公室关于下达路桥区年五水共治水利面上工作计划的通知各镇街道人民政府办事处区政府直属各单位为确保完成三条埠头断面消劣任务根据我区十三五河道疏浚清淤计划十三五河湖塘库清污淤泥实施方案及台州市路桥区人民政府办公室关于印发路桥区河道池塘治理项目管理办法的通知路政办发号结合我区五水共治及各镇街道实际情况特制定路桥区年五水共治水利面上工作计划现印发给你们请抓好时间节点认真组织实施确保该项任务在今年月底前全面完成附件年河道疏浚清淤消劣主支河计划表年示范河道整治工程计划表年示范池塘整治工程计划表年断头河连通工程计划表台州市路桥区人民政府办公室年月日此件公开发布附件年河道疏浚清淤消劣主支河计划表附件年示范河道整治工程计划表附件年示范池塘整治工程计划表附件年断头河连通工程计划表,regulatory,
197,2018-台州市路桥区人民政府办公室关于印发路桥区第二次全国污染源普查方案的通知.docx,台州市,路桥区,2018.0,regulatory,informational,0.75,(keyword fallback),台州市路桥区人民政府办公室关于印发路桥区第二次全国污染源普查方案的通知各镇街道人民政府办事处区政府直属各单位路桥区第二次全国污染源普查方案已经区政府同意现印发给你们请认真组织实施台州市路桥区人民政府办公室年月日此件公开发布路桥区第二次全国污染源普查方案为指导开展我区第二次全国污染源普查工作确保普查任务顺利完成根据全国污染源普查条例国务院关于开展第二次全国污染源普查的通知国发号国务院办公厅关于印发第二次全国污染源普查方案的通知国办发号浙江省人民政府关于开展第二次全省污染源普查的通知浙政发号和浙江省第二次全国污染源普查方案浙政办发号文件精神制定本方案一普查目的和意义污染源数据是重要的环境基础数据污染源普查是重大的国情区情调查是了解污染源数据最直接最有效的途径是环境保护生态建设的基础性工作做好第二次全区污染源普查工作能摸清全区各类污染源基本信息了解各类污染源的数量行业和地区分布情况掌握污染物的产生排放和处理情况健全重点污染源档案污染源信息数据库有利于准确判断当前环境形势制定实施有针对性的经济社会发展和环境保护政策规划不断改善环境质量加快推进生态文明和美丽路桥建设补齐生态环境短板为两个高水平标,informational,
198,2022-台州市路桥区人民政府办公室《关于下达路桥区2022年“五水共治”河道（池塘）治理计划的通知》.docx,台州市,路桥区,2022.0,informational,regulatory,1.0,(keyword fallback),台州市路桥区人民政府办公室关于下达路桥区年五水共治河道池塘治理计划的通知各镇街道人民政府办事处区政府直属各单位为深入贯彻党的十九大和十九届历次全会精神认真贯彻落实中央和省委市委系列决策部署紧紧围绕忠实践行八八战略奋力打造重要窗口把握新发展阶段贯彻新发展理念融入新发展格局坚持解放思想变革破局实施内生蝶变向心发展系统升维三大战略全力打造共同富裕排头兵民营经济创新区现代宜居新商都以一往无前的奋斗姿态再创路桥发展新辉煌进一步改善河湖水体质量高水平建设新时代美丽路桥根据我区台州市路桥区人民政府办公室关于印发路桥区河道池塘治理项目管理办法的通知路政办发号和我区五水共治及各镇街道实际情况特制定路桥区年五水共治河道池塘治理计划现印发给你们请把握时间节点规范管理抓好实施确保该项任务在今年月底前全面完成附件年河道疏浚计划表年示范河道整治工程计划表年示范池塘整治工程计划表年断头河连通工程计划表台州市路桥区人民政府办公室年月日此件公开发布附件年河道疏浚计划表附件年示范河道整治工程计划表附件年示范池塘整治工程计划表,regulatory,
201,2013-台州市黄岩区人民政府办公室关于印发黄岩区河道保洁实施方案的通知.docx,台州市,黄岩区,2013.0,informational,regulatory,1.0,(keyword fallback),台州市黄岩区人民政府办公室关于印发黄岩区河道保洁实施方案的通知各乡镇人民政府街道办事处区政府直属各单位黄岩区河道保洁实施方案已经区政府同意现印发给你们请结合实际认真贯彻实施台州市黄岩区人民政府办公室年月日此件公开发布黄岩区河道保洁实施方案为认真贯彻执行浙江省河道管理条例做好我区河道含河沟池塘等下同水域以下简称河道的保洁工作建立河道保洁长效管理机制结合我区实际特制订本方案一保洁目标一河道保洁目标以科学发展观为指导按照水洁流畅岸绿景美的总体要求坚持政府主导部门配合市场运作群众参与的工作方针巩固河道整治成果改善和保护河道的水生态环境恢复河道自然功能达到河面无漂浮废弃物河中无障碍河岸无垃圾的三无目标二保洁覆盖率目标针对本行政区域内不同类型的河道平原河道保洁覆盖率不低于丘陵区河道保洁覆盖率不低于山溪性河道暂不纳入保洁范围城区河道保洁覆盖率不低于乡村河道保洁覆盖率不低于二保洁职责一乡镇人民政府街道办事处村居民委员会职责乡镇人民政府街道办事处作为河道保洁责任单位负责属地河道保洁工作村居民委员会应当协助做好本区域内河道保洁工作二区级部门职责区水环境整治办协调解决保洁工作中的问题区水利局负责本行政区域内,informational,
203,2020-台州市黄岩区人民政府关于印发台州市黄岩区节水行动实施方案的通知.docx,台州市,黄岩区,2020.0,incentive,regulatory,1.0,(keyword fallback),台州市黄岩区人民政府关于印发台州市黄岩区节水行动实施方案的通知各乡镇人民政府街道办事处区政府直属各单位台州市黄岩区节水行动实施方案已经区政府研究同意现印发给你们请结合实际认真贯彻执行台州市黄岩区人民政府年月日此件公开发布台州市黄岩区节水行动实施方案为贯彻落实党的十九大精神大力推动全社会节水全面提升水资源节约集约利用水平促进生态文明建设和经济社会高质量发展根据国家节水行动方案浙江省节水行动实施方案结合黄岩区实际制定本实施方案一总体要求一指导思想以习近平新时代中国特色社会主义思想为指导深入贯彻节水优先方针把节约用水作为生态环境保护和水资源可持续利用的重要举措贯穿于经济社会发展全过程和各领域努力把黄岩区建设成为南方沿海丘陵地区实施国家节水行动的标杆县区强化目标管理和刚性约束实行水资源消耗总量和强度双控聚焦重点领域实施重大节水工程加强宣传教育和示范引领增强全社会节水意识着力推进政策和技术创新促进用水方式由粗放向节约集约转变为建设生态文明实现黄岩区经济社会高质量发展提供有力支撑二主要目标到年重点领域节水取得快速突破节水型生产和生活方式初步建立非常规水利用占比进一步增大用水效率和效益显著提高全社会,regulatory,
204,2020-台州市黄岩区人民政府办公室关于加快推进海绵城市建设的实施意见.docx,台州市,黄岩区,2020.0,incentive,regulatory,1.0,(keyword fallback),台州市黄岩区人民政府办公室关于加快推进海绵城市建设的实施意见各乡镇人民政府街道办事处区政府直属各单位为保护和改善城市生态环境进一步提高城市综合防灾减灾能力实现雨水自然积存自然渗透自然净化的城市发展方式促进生态文明建设根据国务院办公厅关于推进海绵城市建设的指导意见国办发号浙江省人民政府办公厅关于推进全省海绵城市建设的实施意见浙政办发号台州市人民政府办公室关于全面推进全市海绵城市建设的实施意见台政办发号等文件精神经区政府同意特制定本实施意见一总体要求深入贯彻党中央国务院关于生态文明建设的重大战略部署以提升水安全保障水资源改善水环境及水生态为抓手切实转变城市规划建设理念大力推进海绵城市建设按照习近平总书记关于节水优先空间均衡系统治理两手发力的要求坚持示范先行四周辐射点线成面全面覆盖的总体思路科学规划统筹建设城市水系统园林绿地系统城市道路系统建筑与小区系统等四大系统建设推进海绵城市建设提升城市排水防涝能力和流域防洪能力有效削减径流污染加快构建健康完善的城市水生态系统二目标任务按照生态优先自然循环规划引领统筹推进分区实施政府引导社会参与的原则围绕渗滞蓄净用排将海绵城市建设要求纳入城市规划建设管控,regulatory,
210,2016-建德市人民政府关于调整居民生活污水处理费标准的通知.docx,杭州市,建德,2016.0,regulatory,incentive,0.5,(keyword fallback),建德市人民政府关于调整居民生活污水处理费标准的通知各镇乡人民政府各街道办事处市政府各部门单位为落实国家发展改革委财政部住房城乡建设部关于制定和调整污水处理收费标准等有关问题的通知发改价格号文件精神促进水污染防治改善水环境质量推进五水共治工作经研究决定调整居民生活污水处理费标准现将有关事项通知如下一新安江洋溪更楼三个街道的社区居民生活污水处理费标准调整为每吨元其中农村暂按每吨元收取二寿昌梅城下涯杨村桥乾潭集镇暂按每吨元收取三为保障低收入家庭基本生活不受污水处理费标准调整的影响对城乡低保户家庭含农村五保对象城镇三无人员每户每月减免吨用水量的污水处理费四居民生活污水处理收费标准调整涉及千家万户影响面大各相关部门和乡镇街道要加强沟通协调结合当前水环境治理加强宣传和信息公开耐心解释政策强化行业监管争取社会各界的理解和支持确保本次价格调整的顺利实施五本通知自年月日起执行建德市人民政府年月日,incentive,
223,2015-江干区全面深化改革创新工作要点.docx,杭州市,上城区,2015.0,incentive,regulatory,1.0,(keyword fallback),江干区全面深化改革创新工作要点来源区发改局发布时间访问量年是全面深化改革创新的关键之年根据中央和省市委有关要求围绕深入实施江改十九条重点项目责任分解方案明确的个改革创新项目特制定年全面深化改革创新工作要点一构建产业服务体系研究制定产业扶持办法创新扶持资金投入方式完善和落实产业发展规划专项行动计划促进四大经济五大产业协同发展大力培育江干特色产业责任单位区发改局全面实施区域合作招商深化大招商体系进一步提高钱江新城楼宇入驻率和企业属地率责任单位区招商局建立产业部门街道园区协同推进机制明确重点产业培育的责任体系和考核办法责任单位区发改局实施浙商新生代工程争取招大引强新突破全力打造浙商总部中心示范区责任单位区招商局建立电商换市推进机制引导传统产业线上线下融合发展编制承接杭州跨境电子商务综合试验区战略规划加快打造东方电子商务城责任单位区商务局区科技经济园管委会杭州国际商贸城江干指挥部办公室九堡街道完善重点项目推进机制提高项目服务实效发挥重点项目在扩大有效投资上的关键性作用责任单位区发改局建立企业综合服务中心进一步整合服务资源完善服务体系优化亲商安商以商引商环境责任单位区招商局二构建创新驱动体系优化,informational,
229,2020-杭州市富阳区人民政府办公室关于印发杭州市富阳区节水行动实施方案的通知.docx,杭州市,富阳区,2020.0,incentive,regulatory,1.0,(keyword fallback),杭州市富阳区人民政府办公室关于印发杭州市富阳区节水行动实施方案的通知各乡镇人民政府各街道办事处区政府各部门直属各单位杭州市富阳区节水行动实施方案已经区政府第次常务会议审议通过现印发给你们请认真组织实施杭州市富阳区人民政府办公室年月日为认真贯彻落实习近平总书记节水优先空间均衡系统治理两手发力的新时期治水方针全面提升水资源利用效率形成节水型生产生活方式促进我区经济社会高质量发展根据国家节水行动方案浙江省节水行动实施方案和杭州市节水行动实施方案结合富阳实际制定本实施方案一总体要求一指导思想以习近平新时代中国特色社会主义思想为指导全面贯彻落实党的十九大精神把节约用水作为生态环境保护和水资源可持续利用的重要举措贯穿到经济社会发展全过程和各领域强化水资源承载能力刚性约束实行水资源消耗总量和强度双控聚焦重点领域实施重大节水工程落实目标责任加强监督管理增强全社会节水意识推动节水制度政策技术机制创新促进用水方式由粗放向节约集约转变为建设富裕阳光的大都市新型城区全力打造现代版富春山居图提供有力支撑二基本原则加强领导强化约束加强对节水工作的领导强化水资源消耗总量和强度双控的引导和约束作用构建以用水总量和用水,informational,
231,2021-关于印发杭州市富阳区全面推进健康富阳建设行动计划实施意见的通知.docx,杭州市,富阳区,2021.0,regulatory,informational,0.5,(keyword fallback),关于印发杭州市富阳区全面推进健康富阳建设行动计划实施意见的通知各乡镇人民政府各街道办事处区政府各部门各直属单位杭州市富阳区全面推进健康富阳建设行动计划实施意见已经第次区政府常务会议审议通过现印发给你们请认真贯彻落实杭州市富阳区人民政府办公室年月日为认真贯彻健康中国规划纲要健康浙江行动纲要健康杭州规划纲要全面落实国务院关于实施健康中国行动的意见国发号浙江省人民政府关于推进健康浙江行动的实施意见浙政发号杭州市人民政府关于推进健康杭州三年行动年的实施意见杭政函号和健康杭州建设领导小组办公室关于印发健康杭州三年行动实施方案年的通知杭健康办号精神全力推进健康富阳建设持续提高人民健康水平努力打造健康杭州先行区结合富阳实际现提出以下实施意见一指导思想以习近平新时代中国特色社会主义思想为指导深入贯彻党的十九大十九届五中全会精神和新时代卫生健康工作方针全面落实区委一届十次会议决策部署坚持健康共治和大健康大融合的发展理念将健康融入所有政策加快推动把以治病为中心转变为以人民健康为中心转变全力构筑健康富阳建设新格局为高水平打造现代版富春山居图奠定坚实的健康保障二行动目标到年健康促进体制机制基本建成健康影响评价,incentive,
244,2024-杭州市钱塘区住房和城乡建设局关于印发《杭州市钱塘区农村生活污水治理区级资金补助办法》的通知.docx,杭州市,钱塘区,2024.0,regulatory,incentive,1.0,(keyword fallback),杭州市钱塘区住房和城乡建设局关于印发杭州市钱塘区农村生活污水治理区级资金补助办法的通知各街道办事处各相关部门为确保我区农村生活污水治理工作持续有效健康发展推动农村水环境提升再上新台阶根据浙江省农村生活污水处理设施管理条例浙江省人民政府办公厅关于加强农村生活污水治理设施运行维护管理的意见浙政办发号等文件精神并结合我区实际情况特制定本办法请遵照执行杭州市钱塘区住房和城乡建设局年月日杭州市钱塘区农村生活污水治理区级资金补助办法一资金来源补助资金由区级财政安排专项用于我区农村生活污水治理设施日常运维提升改造新建项目启动资金及污水零直排村建设等二补助对象全区纳入农村生活污水运维管理考核新建项目启动资金以及对原有设施进行提升改造和实施污水零直排村建设的街道三目标任务建立以区住建局为管理主体杭州市生态环境局钱塘分局为监督主体街道办事处为责任主体村级组织为落实主体农户出租户为受益主体以及第三方专业服务机构为服务主体的六位一体的农村生活污水治理设施运行维护管理体系根据农村生活污水治理设施规模和所处环境以处理水量计量水质监测污泥规范处置污水收集系统和终端处理系统的防渗漏防堵塞防破损防故障为主要任务做好数据,incentive,
245,2021-杭州钱塘新区管理委员会关于实施健康钱塘行动的意见.docx,杭州市,钱塘区,2021.0,regulatory,informational,0.75,(keyword fallback),杭州钱塘新区管理委员会关于实施健康钱塘行动的意见各街道办事处区级各部门各直属单位为更好地贯彻落实国务院关于实施健康中国行动的意见国发号浙江省人民政府关于推进健康浙江行动的实施意见浙政发号和杭州市人民政府关于推进健康杭州三年行动年的实施意见杭政函号等有关文件精神加快推进健康钱塘惠民区建设全力实施健康钱塘行动结合实际现提出以下意见一行动目标以居民健康需求为导向以整合高效存量优化增量提质共建共享为原则秉持大健康数治健康融入万策理念瞄准公众感知度和获得感着力打造品质高特色强布局佳的健康钱塘到年环境社会服务人群产业领域健康治理水平显著提升健康钱塘建设体制机制更加完善公共卫生服务能力大幅度增强居民健康素养水平持续提高具体实现以下目标居民健康持续提升健全覆盖全区的健康素养和健康生活行为方式监测体系居民健康素养水平达以上健康生活行为方式广泛普及经常参加体育锻炼的人口比例达到以上岁以上居民吸烟率降低到以内国民体质监测合格率达到以上儿童青少年总体近视率力争每年降低个百分点以上人居环境更加健康生态环境质量明显改善主要污染物排放总量大幅减少空气质量优良天数比率达到省市下达指标城乡居民饮用水水质达标情况持续改善,regulatory,
256,2019-关于印发西湖区2019年“五水共治”第一批项目的通知.docx,杭州市,西湖区,2019.0,regulatory,incentive,0.5,(keyword fallback),附件西湖区年第一批治水项目任务表单位万元,regulatory,
265,2003-转发市建委关于2003年运河综合整治方案的通知.docx,杭州市,西湖区,2003.0,incentive,regulatory,1.0,(keyword fallback),转发市建委关于年运河综合整治方案的通知各区县市人民政府市政府各部门各直属单位市建委拟定的年运河综合整治方案已经市政府同意现转发给你们请认真贯彻实施杭州市人民政府办公厅二三年六月二十五日年运河综合整治方案市建委二三年五月三十日根据市九届人大五次会议关于加快运河综合整治的决议的精神及市九届人大常委会第三十九次会议关于市政府执行加快运河综合整治决议情况的审议意见为实现市委市政府提出的力争在五年内完成运河综合整治工作的目标年运河综合整治工作应结合城市基础设施建设旧城改造环境整治等工作按照截污清淤驳坎配水绿化保护造景管理的字方针组织实施具体方案如下一截污纳管工作一结合道路建设和改造加快污水干管截污管的建设不断完善第一第二和第三污水系统为工业企业公建单位及生活小区的截污纳管创造条件重点实施之江路复兴路富春江路污水干管的建设解决钱江新城之江度假区及梅家坞等地区的污水纳管问题二完成七格污水处理厂一期工程万吨日的调试并投入运行完成二期工程的技术前期工作并争取开工建设三在去年完成市区第一批生活小区及部分公建单位生活污水截污纳管工作的基础上结合新一轮城区条河道和运河综合整治实施新一轮截污纳管工作今年计划完成,informational,
273,2014-关于成立西湖区农村生活污水治理工作领导小组的通知.docx,杭州市,西湖区,2014.0,informational,regulatory,1.0,(keyword fallback),关于成立西湖区农村生活污水治理工作领导小组的通知各镇人民政府街道办事处区政府各部门各直属单位之江度假区管委会各单位为加强对全区农村生活污水治理工作的领导确保各项建设任务按时保质保量完成根据省委省政府关于深化千村示范万村整治工程扎实推进农村生活污水治理的若干意见精神区政府决定成立西湖区农村生活污水治理工作领导小组现将工作小组成员名单通知如下组长朱党其副组长张德平赵欣浩成员高卫星区政府办夏冰区政府办刘世罡之江办胡为区监察局郑福良区委组织部来小平区委宣传部何加新区财政局何海强区农办沈坚华区农办丁亚超区审计局吴国华区住建局郑仁榜区城管局诸伟元西湖国土分局金耐西湖环保分局陈天力西湖环保分局李思静西湖规划分局王黎区卫生局吴克青转塘街道谢素勤留下街道袁明华三墩镇何蕾双浦镇赵水林之江财政局田建军之江建设局施华均之江环保局吴红玲之江规划分局陈学明之江国土分局领导小组下设办公室设在区农办负责工作小组日常工作何海强同志兼任办公室主任沈坚华陈天力兼任办公室副主任杭州市西湖区人民政府办公室年月日,informational,
283,2018-关于做好2018年度“五水共治”信息报送工作的通知.docx,杭州市,临安,2018.0,regulatory,informational,0.75,(keyword fallback),关于做好年度五水共治信息报送工作的通知局属各单位港航处各工程建设指挥部局机关各科室根据临安区年五水共治宣传工作考核办法为进一步落实交通运输系统五水共治宣传工作完成考核任务现将局系统五水共治信息报送有关要求通知如下认清意义提高认识五水共治是关乎民生的大事加强宣传工作是反映局系统的工作成效提高在省市民意调查公众满意度排名的有效举措更是关系局系统年终考核结果的一项重要内容请各单位高度重视单位主要领导要亲自过问认真对待落实分管领导和专人做好宣传和信息报送工作及时反映单位工作成效结合工作提前梳理各单位要根据自身职能和工作特点提前梳理宣传信息的重点方向报送内容以及时间节点落实信息采写具体人员有价值的信息要提前汇报以便联系媒体进行专门报道各单位在做好自身单位内部管理和截污纳管宣传的同时重点要结合维修洗车行业污水排放治理客运企业洗车用水节水交通工程包括美丽公路配套防洪排涝设施建设配合防洪工程配合污水处理五水共治工程涉路施工交通场站配套污水工程交通涉路工程配套排污水管网设计航道航线水域保洁码头及游船污水排放治理青山航道防洪调水及垃圾清理等工作做好信息报送工作明确任务落实责任区五水办下达任务每季度向区五水,informational,
284,2017-关于做好2017年度“五水共治”信息报送工作的通知.docx,杭州市,临安,2017.0,regulatory,informational,0.75,(keyword fallback),关于做好年度五水共治信息报送工作的通知局属各单位港航处各工程建设指挥部根据临安市年度五水共治工作单项考核办法和临安市年五水共治宣传工作考核办法为进一步落实交通运输系统五水共治五个度宣传工作完成考核任务现将局系统五水共治信息报送有关要求通知如下认清意义提高认识五不共治是关乎民生的大事加强宣传工作是反映局系统的工作成效提高在省市民意调查公众满意度排名的有效举措更是关系局系统年终考核结果的一项重要内容七个单项之一请各单位高度重视单位主要领导要亲自过问认真对待落实分管领导和专人做好宣传和信息报送工作及时反映单位工作成效结合工作提前梳理各单位要根据自身职能和工作特点提前做好宣传及信息报送的重点报送内容报送时节的梳理落实信息采写具体人员有价值的信息要提前汇报以便联系媒体进行专门报道各单位在做好自身单位内部管理和截污纳管宣传的同时重点要结合维修洗车行业污水排放治理客运企业洗车用水节水交通工程包括美丽公路配套防洪排涝设施建设配合防洪工程配合污水处理五水共治工程涉路施工交通场站配套污水工程交通涉路工程配套排污水管网设计航道航线水域保洁码头及游船污水排放治理青山航道防洪调水及垃圾清理等工作做好信息报送工作,informational,
285,2023-关于印发《临安区推进健康浙江健康杭州三年行动实施方案（2023-2025年）》的通知.docx,杭州市,临安,2023.0,regulatory,informational,0.75,(keyword fallback),关于印发临安区推进健康浙江健康杭州三年行动实施方案年的通知各镇党委政府各街道党工委办事处区直属各单位省市各驻临机构临安区推进健康浙江健康杭州三年行动实施方案年经区健康临安办主任会议审议通过现印发给你们请认真贯彻落实杭州市临安区健康临安建设领导小组办公室年月日临安区推进健康浙江健康杭州三年行动实施方案年为持续推进健康浙江行动健康杭州行动根据国务院关于实施健康中国行动的意见国发号和浙江省人民政府关于推进健康浙江行动的实施意见浙政发号更好的贯彻落实杭州市人民政府办公厅关于印发健康杭州三年行动计划年的通知杭政办函号等文件精神紧紧围绕产业强区富民安区实干兴区在高质量发展中奋力推动共同富裕为高水平建设吴越名城幸福临安提供坚实的健康根基结合我区实际制定本实施方案一总体要求和目标坚持把保障人民健康放在优先发展的战略位置将健康融入所有政策完善人民健康促进政策体系全面构建健康临安建设新格局为经济社会协调发展提供健康基础保障加快建立和完善大健康统筹联动管理机制推动公共政策健康影响评价试点工作大健康治理领域和关键环节改革取得突破健康镇覆盖率达人群主要健康指标居全国前列全区居民健康素养达到发达国家水平基本形成大,regulatory,
295,2023-杭州市余杭区人民政府关于印发《杭州市余杭区水资源节约保护和利用 总体规划》的通知.docx,杭州市,余杭区,2023.0,regulatory,informational,0.75,(keyword fallback),杭州市余杭区人民政府关于印发杭州市余杭区水资源节约保护和利用总体规划的通知各镇人民政府街道办事处区直各单位现将杭州市余杭区水资源节约保护和利用总体规划印发给你们请结合实际认真贯彻落实杭州市余杭区人民政府年月日此件公开发布杭州市余杭区水资源节约保护和利用总体规划年月杭州市余杭区水资源节约保护和利用总体规划责任页杭州水利水电勘测设计院有限公司目录前言现实基础与面临形势区域概况地理位置地形地貌水文气象河流水系经济社会水资源概况降雨量及径流水资源总量过境水资源量上一轮规划实施成效评估上一轮规划上一轮规划实施情况上一轮规划实施成效形势与问题分析面临形势存在问题规划总则指导思想与基本原则指导思想基本原则规划范围与水平年规划范围规划水平年规划目标与内容规划目标规划内容规划依据法律法规技术标准有关文件资料节约用水节约用水现状现状用水水平节水水平评价重点节水成效存在的主要问题节约用水目标重点节水措施农业节水增效工业节水减排城镇节水降损节水标杆引领非常规水利用节水组织领导重点节水措施汇总水资源保护与生态用水保障水资源保护现状水功能区目标水质及评价生态需水满足程度现状评价区域其他河道目标水质及评价饮用水水源,regulatory,
298,2020-杭州市余杭区人民政府办公室关于印发《关于完善大径山生态区生态保护补偿机制的实施意见》的通知.docx,杭州市,余杭区,2020.0,regulatory,incentive,1.0,(keyword fallback),杭州市余杭区人民政府办公室关于印发关于完善大径山生态区生态保护补偿机制的实施意见的通知各镇人民政府街道办事处区直各单位关于完善大径山生态区生态保护补偿机制的实施意见已经区政府研究同意现予以印发请认真贯彻执行杭州市余杭区人民政府办公室年月日关于完善大径山生态区生态保护补偿机制的实施意见为全面深入贯彻党的十九大中央农村工作会议按照中共中央国务院关于实施乡村振兴战略的意见中发号中共杭州市余杭区委杭州市余杭区人民政府关于推进乡村振兴战略的实施意见区委号文件要求加大生态环境保护力度加快生态文明建设统筹区域协调发展助推乡村振兴更好地发挥生态补偿机制的作用现就完善我区西部大径山生态区生态保护补偿机制提出如下意见一实施范围本意见所指大径山生态区范围为径山镇黄湖镇百丈镇鸬鸟镇所辖的全部区域瓶窑镇所辖的西险大塘以西以北区域以及余杭街道二绕以西义桥村竹园村仙宅村区域二重要意义大径山生态保护区是我区保育山地丘陵生态涵养水源之地我区自年起即已在此区域建立生态保护补偿机制年进行了进一步修改完善生态保护补偿机制的实施保障了西部片区生态保护工作的有效开展完善大径山生态保护区生态保护补偿机制有利于牢固树立生态优先的绿色,incentive,
301,2015-杭州市余杭区人民政府办公室关于印发《余杭区初始排污权分配和有偿使用实施意见》的通知.docx,杭州市,余杭区,2015.0,informational,incentive,1.0,(keyword fallback),杭州市余杭区人民政府办公室关于印发余杭区初始排污权分配和有偿使用实施意见的通知各镇人民政府街道办事处区直各单位余杭区初始排污权分配和有偿使用实施意见已经区政府同意现予印发请认真贯彻执行杭州市余杭区人民政府办公室年月日余杭区初始排污权分配和有偿使用实施意见为控制余杭区主要污染物排放总量防治区域环境污染促进经济社会和环境可持续发展根据国务院办公厅关于进一步推进排污权有偿使用和交易试点工作的指导意见国办发号浙江省人民政府关于开展排污权有偿使用和交易试点工作的指导意见浙政发号杭州市主要污染物排放总量控制配额分配方案杭减排办号等文件精神结合我区实际特制定本实施意见一组织领导初始排污权分配及有偿使用工作由杭州市余杭区人民政府组织领导杭州市余杭区环境保护局以下简称区环保局承担区域内初始排污权分配及有偿使用管理等日常工作二定义本实施意见所称的初始排污权是指按照排污许可证规定有总量控制要求的现有排污单位按区环保局核定和分配的主要污染物排放总量指标向环境直接或间接排放主要污染物的权利本实施意见所称的初始排污权分配是指区环保局在区域排污总量控制的前提下将排污权指标分配给现有排污单位的行为本实施意见所称的初始,incentive,
303,2021-杭州市余杭区人民政府办公室关于印发《余杭区“百路千里美乡村”新时代美丽乡村全域环境扩面提升实施方案》的通知.docx,杭州市,余杭区,2021.0,regulatory,incentive,1.0,(keyword fallback),杭州市余杭区人民政府办公室关于印发余杭区百路千里美乡村新时代美丽乡村全域环境扩面提升实施方案的通知各镇人民政府街道办事处区直有关单位余杭区百路千里美乡村新时代美丽乡村全域环境扩面提升实施方案已经区政府研究同意现予以印发请认真贯彻执行杭州市余杭区人民政府办公室年月日余杭区百路千里美乡村新时代美丽乡村全域环境扩面提升实施方案为深入贯彻落实乡村振兴战略深化千万工程推进新时代美丽乡村建设提升农村人居环境提高城乡融合发展水平特制定本实施方案一工作目标紧紧围绕全域美丽大花园建设以干净整洁有序为目标坚持问题导向需求导向按照基础先行自行申报镇村实施以奖代补原则力争通过三年时间进一步完善农村基础设施和公共配套设施扩大美丽乡村建设覆盖面推动乡村治理能级提升补齐农村人居环境短板提高群众的幸福感获得感满意度提升生态环境承载力为我区农业农村现代化奠定坚实的基础二工作原则一明确目标补齐短板将环境脏乱差违法和不雅观建筑整治到位作为百路千里美乡村新时代美丽乡村全域环境扩面提升以下简称新时代美丽乡村扩面提升的前置条件以干净整洁有序为建设目标坚决杜绝不切实际铺张浪费的政绩工程面子工程要立足各村实际按照缺什么补什么的要求大,regulatory,
306,2014-杭州市余杭区人民政府办公室关于印发《余杭区行政区域主要河流和跨行政区域河流交接断面水质保护管理考核办法》的通知.docx,杭州市,余杭区,2014.0,incentive,regulatory,1.0,(keyword fallback),杭州市余杭区人民政府办公室关于印发余杭区行政区域主要河流和跨行政区域河流交接断面水质保护管理考核办法的通知各镇人民政府街道办事处区直各单位余杭区行政区域主要河流和跨行政区域河流交接断面水质保护管理考核办法已经区政府同意现予印发请认真贯彻执行杭州市余杭区人民政府办公室年月日余杭区行政区域主要河流和跨行政区域河流交接断面水质保护管理考核办法第一条为落实各级政府对本辖区环境质量负责的法定职责严格实行行政区域主要河流以下简称主要河流和跨行政区域河流交接断面以下简称交接断面水质保护管理考核促进水环境综合治理和水环境质量改善实现流域经济社会与环境的协调发展根据浙江省跨行政区域河流交接断面水质监测和保护办法省政府令第号和浙江省跨行政区域河流交接断面水质保护管理考核办法浙政办发号等文件精神并结合余杭实际对原实施的余杭区行政区域主要河流和跨行政区域河流交接断面水质保护管理考核办法进行修订完善第二条本办法适用于余杭区行政区域主要河流和跨行政区域河流交接断面的水质保护管理考核各镇街平台主要河流和交接断面的水质监测考核具体点位详见附件根据水环境管理的实际需要区环保局可增加对某些重要河流和交接断面水质的监测考核,regulatory,
308,2023-杭州市临平区人民政府关于印发健康临平三年行动计划（2023-2025年）的通知.docx,杭州市,临平区,2023.0,regulatory,informational,0.5,(keyword fallback),杭州市临平区人民政府关于印发健康临平三年行动计划年的通知各镇人民政府街道办事处区直各单位现将健康临平三年行动计划年印发给你们请认真贯彻实施杭州市临平区人民政府年月日健康临平三年行动计划年为积极落实健康中国战略持续推进健康浙江健康杭州健康临平行动加速打造数智临平品质城区根据国务院关于实施健康中国行动的意见浙江省人民政府关于推进健康浙江行动的实施意见杭州市人民政府办公厅关于印发健康杭州三年行动计划年的通知等文件精神结合我区实际制定本行动计划一总体要求坚持把保障人民健康放在优先发展的战略位置完善人民健康促进政策体系全面打造健康临平建设新格局为我区经济社会高质量发展提供健康基础保障到年以健康为中心的整合型健康服务体系持续优化城市健康治理水平和市民健康水平双提升与临平区经济社会发展水平相适应与城市功能定位和居民全生命周期健康需求相匹配的健康治理体系基本建成健康临平建设总体水平力争走在全省前列二主要任务一普及健康生活方式健康知识普及行动倡导每个人是自己健康的第一责任人理念引导公众提高自我健康管理能力形成健康的行为和生活方式推进健康教育向综合整体的健康促进转变打造健康科普资源和宣传品牌完善健康科普专,regulatory,
309,2023-杭州市临平区人民政府关于印发杭州市临平区生态文明建设规划（2022-2030年）的通知.docx,杭州市,临平区,2023.0,incentive,regulatory,0.75,(keyword fallback),杭州市临平区人民政府关于印发杭州市临平区生态文明建设规划年的通知一背景依据年月杭州市区划调整设立杭州市临平区年月临平区获评第五批国家生态文明建设示范区为进一步厚植临平区生态文明建设的先行优势坚持一张蓝图绘到底一任接着一任干开创临平生态文明新篇章继续在生态文明建设实践中发挥示范带头作用特编制本规划编制依据国家生态文明建设示范区规划编制指南试行二主要内容和政策举措规划坚持问题导向目标导向结果导向充分衔接国家区域浙江省杭州市临平区等一系列规划全面打造社会主义现代化国际大都市标杆性城区长三角开放高地数智化变革高地全景式幸福高地努力建设人与自然和谐共生的美丽城区一战略定位充分分析临平区的区位特征产业特点和发展方向高水平建设数智临平品质城区展现重要窗口的临平风采二规划目标在国家生态文明建设示范区成果优势基础上进一步补足短板更高水平更进一步建设人与自然和谐共生的美丽临平把生态文明建设融入到临平区经济政治文化社会建设的各方面和全过程提出实现四个更高水平即更高水平实现制度高效善治更高水平实现生产绿色低碳更高水平实现生态环境改善更高水平实现生活和谐幸福三规划任务设置了大领域项重点任务完善生态制度全力打造数,informational,
316,2022-杭州市临平区人民政府关于印发《杭州市临平区深化“千万工程”高水平实施新时代美丽乡村提质升级行动（2021-2025）》的通知.docx,杭州市,临平区,2022.0,incentive,regulatory,0.75,(keyword fallback),杭州市临平区人民政府关于印发杭州市临平区深化千万工程高水平实施新时代美丽乡村提质升级行动的通知各镇人民政府街道办事处区直各单位杭州市临平区深化千万工程高水平实施新时代美丽乡村提质升级行动已经年第次区长办公会议和一届次区委常委会审议通过现予以印发请认真组织实施杭州市临平区人民政府年月日杭州市临平区深化千万工程高水平实施新时代美丽乡村提质升级行动计划年为持续深入贯彻习近平总书记关于千村示范万村整治工程的重要指示精神加快补齐农村人居环境短板进一步提升美丽乡村建设水平全面推进乡村振兴根据区委区政府决策部署和浙江省深化千万工程建设新时代美丽乡村行动计划年浙委办发号关于深化千万工程开展新一轮高水平高质量美丽乡村建设的实施意见市委办发号等文件精神结合本区实际特制定本行动计划一总体要求一指导思想高举习近平新时代中国特色社会主义思想伟大旗帜围绕数智临平品质城区发展方向以争创共同富裕示范区样板为牵引以打造江南韵味运河水乡美丽乡村标杆地为目标坚持突出重点片区联动以人为本内外兼修数智赋能彰显特色深化千万工程高水平实施新一轮美丽乡村提质升级行动按照一园引领两核驱动十村未来多点精致全域美丽总体布局注重规划建设运营,regulatory,
317,2023-杭州市临平区人民政府关于印发临平区和美乡村建设行动实施方案（2024-2026年）的通知.docx,杭州市,临平区,2023.0,regulatory,incentive,0.5,(keyword fallback),杭州市临平区人民政府关于印发临平区和美乡村建设行动实施方案年的通知各镇人民政府街道办事处区直各单位临平区和美乡村建设行动实施方案已经区委区政府研究同意现予以印发请认真贯彻实施杭州市临平区人民政府年月日临平区和美乡村建设行动实施方案年为深入贯彻落实习近平总书记关于千万工程的重要指示批示精神深化新时代千万工程全域推进宜居宜业和美乡村建设全面打造乡村振兴临平样板根据省市有关决策部署结合临平区实际特制定本实施方案一总体要求以习近平新时代中国特色社会主义思想为指导围绕打造乡村振兴共同富裕临平样板总目标坚持规划引领突出重点分类指导片区联动全域覆盖内外兼修彰显特色按照一带引领两核驱动多点精致全域美丽总体布局深化新时代千万工程高水平实施和美乡村建设行动聚焦人居环境提质突出乡村风貌优化完善农村公共服务大力发展美丽经济强化人文内涵展现营造文明和谐乡风点线面结合农文旅融合奋力建设诗画江南韵味运河水乡风情乡野乡愁底蕴共美共富活力的宜居宜业和美乡村自起重点实施大运河及二通道沿线综合整治两大核心片区提升和未来乡村数字乡村特色精品村扩面提升等创建项目注重规划建设运营管理并举整合各方资源强化要素保障优化激励机制加强管,informational,
330,2019-湖州市吴兴区发展改革和经济信息化局湖州市吴兴区财政局湖州市生态环境局吴兴分局湖州市吴兴区住房和城乡建设局关于吴兴区按污染程度分类分档及多因子计收工业污水处理费的通.docx,湖州市,吴兴区,2019.0,regulatory,incentive,1.0,(keyword fallback),湖州市吴兴区发展改革和经济信息化局湖州市吴兴区财政局湖州市生态环境局吴兴分局湖州市吴兴区住房和城乡建设局关于吴兴区按污染程度分类分档及多因子计收工业污水处理费的通知高新区各乡镇街道各污水处理企业为促进污水处理改善环境质量根据浙江省定价目录浙江省物价局财政厅环境保护厅关于加快推进分类分档及多因子计收工业污水处理费的指导意见浙价资号湖州市生态环境局等部门印发的关于全面开展工业污水处理费计收制度改革的实施意见湖环发号要求现就吴兴区按污染程度分类分档及多因子计收工业污水处理费政策有关事项通知如下一适用范围本通知适用于吴兴区纳入公共管网并由污水处理企业处理的工业污水二多因子复合收费种类根据我区工业污水排放情况确定化学需氧量悬浮物总磷氨氮总氮值等重点污染因子复合计收污水处理费三污染因子浓度分档收费标准工业企业污水多因子收费标准表多因子收费实行基准收费标准与浮动标准累加进行收取污染因子浓度超过基准值的在基准收费标准的基础上加浮动标准收取工业污水处理费污染因子浓度低于基准值的按照基准收费标准收取工业污水处理费四对各排污纳管企业收费因子收费水量浓度检测收费方式等相关要求按关于全面开展工业污水处理费计收制,incentive,
362,2024-开化县财政局 衢州市生态环境局开化分局关于提前下达2024年省生态环境保护专项资金的通知.docx,衢州市,开化县,2024.0,regulatory,incentive,1.0,(keyword fallback),开化县财政局衢州市生态环境局开化分局关于提前下达年省生态环境保护专项资金的通知各有关单位根据浙江省财政厅浙江省生态环境厅关于提前下达年省生态环境保护专项资金的通知浙财资环号浙江省财政厅浙江省生态环境厅关于印发浙江省生态环境保护专项资金管理办法的通知浙财资环号文件精神经研究现将年省生态环境保护专项资金提前下达给你们请你们单位严格按照资金管理要求坚持集中资金突出重点专款专用原则专项用于解决环境污染问题不得用于人员经费日常公用经费等基本支出和楼堂馆所建设等支出各单位要严格专项资金使用用途加强专项资金监管提高资金使用效益附件年省级生态环境保护专项资金提前批安排表开化县财政局衢州市生态环境局开化分局年月日附件年省级生态环境保护专项资金提前批安排表单位万元,incentive,
375,2014-江山市“五水共治”领导小组办公室关于持续营造“五水共治”浓厚氛围的通知.docx,衢州市,江山市,2014.0,regulatory,informational,1.0,(keyword fallback),江山市五水共治领导小组办公室关于持续营造五水共治浓厚氛围的通知各乡镇街道市机关各部门为深入贯彻落实省委十三届四次全会和全省经济工作会议作出的五水共治重大决策部署进一步营造浓厚工作氛围积极号召广大干部群众主动推进科学治水依法治水铁腕治水全民治水经市五水共治领导小组研究决定开展五水共治主题宣传活动现就有关事项通知如下一宣传重点一大力宣传五水共治的决策部署着重宣传市委市政府五水共治的总体目标治水工作的重大意义以及治污在治水全局中的重要性大力宣传五水共治在抓住改革的突破口发展的制高点群众的关切点既扩投资又促转型既优环境更惠民生等方面的多重作用二充分宣传五水共治的进展成效大力宣传各地各部门深入开展消灭垃圾河整治黑臭河大会战农村生活污水治理等生动实践和进展成效深入宣传各地各部门推进五水共治的典型经验和涌现出的先进典型人物大力宣传五水共治给当地群众带来的看得见摸得着感受得到的显著变化三广泛动员五水共治的自觉参与充分发挥新闻舆论的引导和监督作用广泛开展宣传教育进一步提高企业和群众投身五水共治的责任意识和参与意识特别是要动员企业主村民主动参与污水治理要有效整合各种社会资源动员组织各方面力量形成全社会关心,informational,
383,2017-关于切实加强春节期间“五水共治”工作的通知.docx,衢州市,江山市,2017.0,informational,regulatory,0.75,(keyword fallback),关于切实加强春节期间五水共治工作的通知各乡镇人民政府街道办事处市政府各部门新春佳节即将来临为确保水清岸绿的治水成果能够长效保持请各乡镇街道相关部门按照职责分工在春节前组织一次五水共治大宣传清三河反弹隐患大排查大整治确保三河不反弹在节日期间要加强河湖库塘沟渠村庄环境的保洁让全市人民在新春佳节感受到我市治水新成果新气象江山市五水共治领导小组办公室年月日,informational,
408,2017-关于开展律师结对服务剿灭劣Ⅴ类水专项行动的通知.docx,嘉兴市,海盐县,2017.0,regulatory,informational,1.0,(keyword fallback),关于开展律师结对服务剿灭劣类水专项行动的通知各律师事务所为进一步深化五水共治工作打好全县污水剿灭战充分发挥律师作用促进依法治水推进全县水环境质量持续改善和经济社会全面协调可持续发展根据盐治水办号关于印发海盐县剿灭劣类水专项督导工作方案的通知和嘉兴市司法局嘉司发号关于开展律师结对服务剿灭劣类水专项行动的通知相关要求现就组织开展律师结对服务剿灭劣类水专项行动工作部署如下一充分认识开展律师结对服务剿灭劣类水的意义打赢剿灭劣类水攻坚战是深入推进五水共治巩固成果提升水平的关键一仗是持续改善全县水环境质量的重要目标是当前县委县政府的一项重点工作律师是法治建设的一支重要力量开展律师结对服务剿灭劣类水工作为五水共治提供专业的法律服务既能促进依法行政依法治水又能为剿灭劣类水工作创造良好的法治环境广大律师要充分认识律师结对服务剿灭劣类水工作的重大意义切实增强政治意识责任意识和大局意识要立足依法治水统筹运用行政与法律力量打好法制宣传法律服务和法律保障组合拳推动五水共治工作依法有序顺利开展为剿灭劣类水提供优质高效法律服务二开展律师结对服务剿灭劣类水的主要内容一充分发挥法律服务团作用选派一定数量政治素质好业务素,informational,
409,2018-海盐县发展和改革局关于下达海盐县2018年度农村河沟整治计划的通知.docx,嘉兴市,海盐县,2018.0,informational,regulatory,1.0,(keyword fallback),海盐县发展和改革局关于下达海盐县年度农村河沟整治计划的通知海盐县水利局你局海盐县年度农村河沟整治计划的请示盐水号收悉为持续深入推进省委省政府剿灭劣类水行动实现决不把污泥浊水带入全面小康的目标深入推进我县五水共治工作促进经济社会可持续发展经研究现下达年度农村河沟整治计划如下年度农村河沟整治项目涉及武原街道元通街道西塘桥街道秦山街道等四个项目实施主体计划清淤河道条长度公里清淤方量万方计划总投资万元请据此抓紧组织实施严格执行工程招投标相关规定工程施工招标须采用公开招标方式项目实施中涉及的其它事项请按规定与相关部门联系办理海盐县发展和改革局年月日,regulatory,
417,2017-海盐县人民政府办公室关于印发《海盐县2017年“五水共治”、“三改一拆”工作考核办法》的通知.docx,嘉兴市,海盐县,2017.0,informational,incentive,0.75,(keyword fallback),海盐县人民政府办公室关于印发海盐县年五水共治三改一拆工作考核办法的通知各镇人民政府街道办事处县政府各部门直属各单位海盐县年五水共治三改一拆工作考核办法已经县政府常务会议审议通过现印发给你们请认真贯彻执行海盐县人民政府办公室年月日此件公开发布海盐县年五水共治三改一拆工作考核办法为深入贯彻落实省委省政府关于五水共治三改一拆工作的战略部署不断改善我县城乡生态环境面貌促进经济社会全面协调可持续发展特制订年五水共治三改一拆工作考核办法一镇街道五水共治三改一拆重点工作考核奖一考核对象各镇街道二考核内容和分值五水共治工作考核主要内容由水环境质量剿灭劣类水河长制及长效管理剿劣重点工程五水共治其他工程及非工程措施完成情况其他工作和加扣分项组成基本分分三改一拆工作考核主要内容由三改目标任务完成情况违法建筑拆除任务完成情况创建无违建镇街道情况专项整治任务完成情况防违控违长效机制及执行情况和加扣分项组成基本分分考核细则详见附件附件三考核程序考核工作由县五水共治办县三改一拆办负责牵头各镇街道对照年海盐县五水共治三改一拆工作具体考核内容的目标完成情况进行总结并上报有关文字图片等资料县五水共治办县三改一拆办牵头组织,regulatory,
420,2016-海盐县人民政府办公室关于印发《海盐县镇（街道）、村（社区）镇级以下河道监测点水质考核办法》的通知.docx,嘉兴市,海盐县,2016.0,regulatory,incentive,1.0,(keyword fallback),关于印发海盐县城镇排水设施工程普查整治专项行动方案的通知各镇人民政府街道办事处县政府各部门直属各单位海盐县镇街道村社区镇级以下河道监测点水质考核办法已经县政府讨论通过现印发给你们请认真贯彻执行海盐县人民政府办公室年月日此件公开发布海盐县镇街道村社区镇级以下河道监测点水质考核办法为深化五水共治进一步强化基层治水和长效管理不断改善水环境确保到年全县境内消灭劣类地表水县控以上断面水质达到或优于类比例达以上为高水平全面建成小康社会提供坚实的环境保障结合我县实际特制定本办法一考核对象一各镇街道二各村社区二考核内容每个村社区设立镇级以下河道监测点个考核内容为该监测点水质水质考核指标为高锰酸盐指数氨氮总磷三项三项考核指标分别以考核时段平均值计算定类结果以三项指标中最差的等次确定定类好的为优定类结果相同的再以水质指数确定优劣水质指数小的为优水质指数计算公式高锰酸盐指数检测值定类标准值氨氮检测值定类标准值总磷检测值定类标准值三考核方式由县五水共治办公室牵头会同县环保局根据县环境监测站招标确定第三方机构完成并提交的村社区水质月度检测结果报告进行统计按月度季度和年度分别进行镇街道和村社区的考核排名一对镇街道,regulatory,
422,2016-海盐县人民政府办公室关于印发《海盐县2016年“五水共治”、“三改一拆”工作考核办法》的通知.docx,嘉兴市,海盐县,2016.0,informational,incentive,0.75,(keyword fallback),海盐县人民政府办公室关于印发海盐县年五水共治三改一拆工作考核办法的通知各镇人民政府街道办事处县政府各部门直属各单位海盐县年五水共治三改一拆工作考核办法已经县政府常务会议审议通过现印发给你们请认真贯彻执行海盐县人民政府办公室年月日此件公开发布海盐县年五水共治三改一拆工作考核办法为深入贯彻落实省委省政府关于五水共治三改一拆工作的战略部署不断改善我县城乡生态环境面貌促进经济社会全面协调可持续发展特制订年五水共治三改一拆工作考核办法一镇街道五水共治三改一拆重点工作考核奖一考核对象各镇街道二考核内容和分值五水共治工作考核主要内容由水环境质量清三河防反弹及河航道长效保洁清淤与治污水五水共治其他工程及非工程措施完成情况其他工作和加扣分项组成基本分分三改一拆工作考核主要内容由三改目标任务完成情况违法建筑拆除任务完成情况专项整治任务完成情况创建无违建镇街道情况防违控违长效机制及执行情况和加扣分项组成基本分分考核细则详见附件附件三考核程序考核工作由县五水共治办县三改一拆办负责牵头各镇街道对照年海盐县五水共治三改一拆工作具体考核内容的目标完成情况进行总结并上报有关文字图片等资料县五水共治办县三改一拆办牵头组,regulatory,
431,2014-海盐县人民政府关于印发《海盐县镇（街道）、村（社区）镇级以下河道监测点水质季度考核试行办法》的通知.docx,嘉兴市,海盐县,2014.0,regulatory,incentive,1.0,(keyword fallback),海盐县人民政府关于印发海盐县镇街道村社区镇级以下河道监测点水质季度考核试行办法的通知各镇人民政府各街道办事处县政府各部门直属各单位海盐县镇街道村社区镇级以下河道监测点水质季度考核试行办法已经县十四届政府第二十五次常务会议审议通过现印发给你们请认真贯彻执行海盐县人民政府年月日海盐县镇街道村社区镇级以下河道监测点水质季度考核试行办法为扎实开展整治黑河臭河垃圾河的清三河行动进一步加强我县水环境治理和长效管理全面改善水环境加快推进转型升级促进经济持续健康发展和社会和谐稳定结合我县实际特制定本办法一考核对象一各镇街道二各村社区二考核内容每个村社区设立镇级以下河道监测点个考核内容为该监测点水质水质考核指标为高锰酸盐指数氨氮总磷三项三项考核指标分别以考核时段平均值计算定类结果以三项指标中最差的等次确定定类好的为优定类结果相同的再以水质指数确定优劣水质指数小的为优水质指数计算公式高锰酸盐指数检测值定类标准值氨氮检测值定类标准值总磷检测值定类标准值三考核方式由县五水共治办公室牵头会同县环保局根据县环境监测站提交的村社区水质月度检测结果报告进行统计按季度分别进行镇街道和村社区的考核排名一对镇街道的考核排名,regulatory,
435,2015-海宁市财政局 海宁市物价局 海宁市住房和城乡规划建设局关于印发《海宁市污水处理费征收使用管理实施细则》的通知.docx,嘉兴市,海宁市,2015.0,regulatory,incentive,0.5,(keyword fallback),海宁市财政局海宁市物价局海宁市住房和城乡规划建设局关于印发海宁市污水处理费征收使用管理实施细则的通知各镇人民政府街道办事处市级机关各部门直属各单位为规范污水处理费征收使用管理保障我市污水处理设施运行维护和建设防治水污染保护环境根据浙江省财政厅浙江省物价局浙江省住房和城乡建设厅关于印发浙江省污水处理费征收使用管理办法的通知浙财综号文件精神我们制定了海宁市污水处理费征收使用管理实施细则现印发给你们请遵照执行海宁市财政局海宁市物价局海宁市住房和城乡规划建设局年月日海宁市污水处理费征收使用管理实施细则第一条为了规范我市污水处理费征收使用管理保障我市污水处理设施运行维护和建设防治水污染切实保护环境根据浙江省财政厅浙江省物价局浙江省住房和城乡建设厅关于印发浙江省污水处理费征收使用管理办法的通知浙财综号等有关规定结合我市实际制定本实施细则第二条海宁市行政区域内污水处理费的征收使用和管理适用本实施细则第三条污水处理费是按照污染者付费原则由排水单位和个人缴纳并专项用于我市污水处理设施建设运行和污泥处理处置的资金第四条污水处理费属于政府非税收入全额上缴地方国库纳入地方政府性基金预算管理实行专款专用市住房和,incentive,
447,2014-平湖市人民政府关于印发平湖市农村生活污水治理项目建设资金管理办法的通知.docx,嘉兴市,平湖市,2014.0,regulatory,incentive,0.75,(keyword fallback),平湖市人民政府关于印发平湖市农村生活污水治理项目建设资金管理办法的通知平湖市农村生活污水治理项目建设资金管理办法第一章总则第一条为规范我市农村生活污水治理项目建设资金管理提高资金使用效益根据关于深化千村示范万村整治工程扎实推进农村生活污水治理的意见浙委办发号平湖市农村生活污水治理实施意见平委办发号和平湖市城乡污水处理工程建设三年计划实施方案平政发号及省财政专项资金管理相关规定等精神结合我市实际制定本办法第二条本办法适用于我市农村生活污水治理项目建设资金管理第三条农村生活污水治理项目建设资金是指用于我市农村生活污水治理设施和管网建设的专项资金第四条建设项目必须符合工程立项依法招标工程施工合同签订工程质量监督竣工验收等工程建设基本程序确保资金使用效率和工程建设质量自然村落生活污水收集治理工程由于范围广情况复杂时间紧工程量小散多难以预算的可简化相关程序财政预算项目审核中心等部门应提前介入结算工程量时可采取实测实量按实决算第五条按照专户管理专账核算专款专用的要求水务集团应在财政局监督指导下将资金纳入专户管理设立专门的会计科目分项目进行会计核算第六条在保证项目建设数量治污覆盖面及农户受益户数工程,regulatory,
450,2024-区发展和改革局 区生态环境分局 关于印发《嘉兴市南湖区水生态环境保护“十四五”规划》的通知.docx,嘉兴市,南湖区,2024.0,regulatory,informational,0.5,(keyword fallback),区发展和改革局区生态环境分局关于印发嘉兴市南湖区水生态环境保护十四五规划的通知嘉兴南湖高新区湘家荡区域管委会各镇人民政府街道办事处园区管委会区政府各部门市直南湖各单位嘉兴市南湖区水生态环境保护十四五规划对全区水生态环境高水平保护具有重要的指导意义现印发给你们请结合实际认真组织实施嘉兴市南湖区水生态环境保护十四五规划为推进南湖区十四五时期水生态环境保护工作根据浙江省水生态环境保护十四五规划嘉兴市水生态环境保护十四五规划嘉兴市南湖区国民经济和社会发展第十四个五年规划和二三五年远景目标纲要高水平建设新时代美丽南湖规划纲要年制定本规划一现实基础与面临形势一水生态环境保护成效十三五期间南湖区委区政府深入贯彻落实习近平生态文明思想以水十条和五水共治为抓手坚持科学治水依法治水全民治水努力补齐水环境短板持续提升水环境质量一是水环境质量大幅提升在五水共治系列举措支持下通过开展消除劣类断面水污染防治攻坚战等行动十三五期间南湖区地表水监测断面水质优良率呈显著上升趋势年南湖区地表水市控以上断面水质优良比例为年地表水市控以上断面水质优良比例为年跨区域交接断面考核优秀地表水市控以上断面水质优良比例为年跨区域交接断,informational,
452,2017-关于印发《嘉兴市南湖区河道综合整治规划》的通知.docx,嘉兴市,南湖区,2017.0,regulatory,informational,0.5,(keyword fallback),关于印发南湖区环境保护十三五规划的通知嘉兴科技城湘家荡管委会各镇人民政府街道办事处园区管委会区政府各部门市直南湖各单位南湖区环境保护十三五规划是南湖区十三五时期国民经济和社会发展的专项规划对推进全区环境保护工作具有重要的指导意义现印发给你们请结合实际认真组织实施规划建设项目的实施要严格按照投资项目产业政策和资金管理的有关规定办理嘉兴市南湖区发展和改革局嘉兴市南湖区环境保护局年月日南湖区环境保护十三五规划十三五时期年是南湖区厚积薄发转型升级的关键期是实现突破全面建成小康社会加快建设现代田园城区的决胜期更是南湖区着力解决重大环境问题全面改善生态环境质量的重要机遇期为做好十三五时期的生态环境保护工作特制订本规划规划期为年一现状与问题一十二五环境保护成效十二五以来全区紧紧围绕科学发展主题加快转变经济发展方式主线和建设生态文明的新要求深入实施生态文明建设推进行动坚决落实治污减排各项政策措施持续加大环保执法监管力度着力解决影响人民群众身体健康和可持续发展的突出环境问题稳步改善城乡环境质量切实维护环境安全环境保护各项工作取得积极进展突出环境问题治理不断深化环境质量得到改善水环境方面全面开展五水共治实,informational,
453,2016-嘉善县人民政府办公室关于印发嘉善县城乡居民生活污水处理费调整实施意见的通知.docx,嘉兴市,嘉善县,2016.0,regulatory,incentive,0.75,(keyword fallback),嘉善县人民政府办公室关于印发嘉善县城乡居民生活污水处理费调整实施意见的通知各镇人民政府街道办事处县府各部门直属各单位嘉善县城乡居民生活污水处理费调整的实施意见已经县长办公会议审议通过现印发给你们请认真贯彻实施嘉善县人民政府办公室年月日嘉善县城乡居民生活污水处理费调整的实施意见为深化资源产品价格改革促进水污染防治改善水环境质量根据国家发展改革委财政部住房城乡建设部关于制定和调整污水处理收费标准等有关问题的通知发改价格号文件精神现制定我县城乡居民生活污水处理费调整的实施意见一收费标准城乡居民生活污水处理费由元立方米调整为元立方米调价范围为全县行政区域内的居民用户二减免政策对城镇特困职工城乡低保户继续按关于印发嘉善县城乡居民生活用水阶梯价格和统一城乡居民生活污水处理费收费政策实施方案的通知善政办发号文件规定减免的自来水量相应免收污水处理费三加强宣传居民生活污水处理费调整涉及千家万户影响面大县水务集团各镇街道要结合当前水环境治理工作加强宣传确保本次价格调整顺利实施四执行时间自年月日用水时间起执行,incentive,
459,2007-关于进一步加强城镇污水设施项目建设的通知.docx,嘉兴市,嘉善县,2007.0,incentive,regulatory,1.0,(keyword fallback),关于进一步加强城镇污水设施项目建设的通知各镇人民政府有关部门单位根据浙江省人民政府关于进一步加强污染减排工作的通知浙政发号和嘉兴市人民政府关于进一步加强污染减排推进流域水污染防治的通知嘉政发号要求以及全省太湖流域杭嘉湖地区水污染防治会议精神为进一步加快污水处理设施建设不断提高我县的污染防治水平改善生态环境按照各镇各部门单位上报的工作计划现对我县的城镇污水项目建设任务作进一步明确请各镇各有关部门和单位务必高度重视污水设施建设工作结合各自实际认真贯彻落实要进一步加快污水处理厂污水收集管网及泵站的建设进度保证各项建设任务在年月底前全部完成要及时提供城镇生活污水处理量处理率生活污水增加情况以及污水工程的建设进度月报表污水处理厂投入运行一年内年实际污水处理量要确保不低于设计能力的投入运行年以上的年实际污水处理量要确保不低于设计能力的污水处理厂必须配套建设脱氮脱磷措施已建污水处理厂要加快完成脱氮脱磷改造污泥要实现无害化处理工业园区建设必须同步配套污水收集管网泵站建设年月底前完成所辖园区污水管道未覆盖区域污水管道的改造及城郊农居点收集管网建设附件嘉善县城镇污水处理项目建设任务分解表污水项目建设进度月,regulatory,
461,2017-关于表彰2016年度定海区“五水共治”工作先进集体、先进个人的通报.docx,舟山市,定海区,2017.0,regulatory,incentive,0.75,(keyword fallback),关于表彰年度定海区五水共治工作先进集体先进个人的通报各街道党委党工委政府办事处区属各单位年全区上下认真贯彻落实省市关于五水共治工作的决策部署以治污水为龙头统筹推进各项治水工作取得了显著成效期间也涌出了一批真抓实干成绩突出的集体和个人为表彰先进树立典型经区委区政府同意决定对农林与海洋渔业局等个五水共治工作先进集体和庄海光等进名先进个人予以通报表彰中共舟山市定海区委舟山市定海区人民政府办公室年月日,incentive,
471,2016-中共嵊泗县委嵊泗县人民政府办公室关于印发嵊泗县渔农村环境卫生管理办法的通知.docx,舟山市,嵊泗县,2016.0,informational,regulatory,1.0,(keyword fallback),中共嵊泗县委嵊泗县人民政府办公室关于印发嵊泗县渔农村环境卫生管理办法的通知各乡镇人民政府县政府直属各单位嵊泗县渔农村环境卫生管理办法已经县政府同意现予印发请认真贯彻执行中共嵊泗县委嵊泗县人民政府办公室年月日此件公开发布嵊泗县渔农村环境卫生管理办法为打造美丽海岛升级版嵊泗县以生态家园和洁净村庄建设为主要内容通过实施村庄整治五水共治特色村落建设精品社区创建等工程有效提升了渔农村环境卫生品质为确保渔农村环境卫生工作常态化根据环境卫生长效管理要求和渔农村实际特制定本办法一总体要求坚持城乡统筹建管并重原则按照公共卫生管理保洁好乡村面貌环境好花草树木养护好基础设施建设维护好的总体要求切实做好渔农村的环境卫生工作精心打造生态秀美人居优美生活和美人文淳美的美丽海岛二工作机制和职责渔农村环境卫生工作实行县乡镇社区村联动机制机制县级在县委县政府的领导下成立县渔农村环境卫生管理办公室办公室设在县委渔农村工作办公室县农林水利围垦局主要负责全县渔农村环境卫生日常管理督查考核等工作其人员从县督考办县文明办县住建局县爱卫办县交通运输局县农林水利围垦局县海洋与渔业局等相关单位抽调乡镇社区村级渔农村环境卫生工作按照属地,regulatory,
479,2023-嵊泗县人民政府关于印发嵊泗县减污降碳协同试点创建实施方案的通知.docx,舟山市,嵊泗县,2023.0,regulatory,informational,0.5,(keyword fallback),嵊泗县人民政府关于印发嵊泗县减污降碳协同试点创建实施方案的通知各乡镇人民政府县政府直属各单位嵊泗县减污降碳协同试点创建实施方案已经县政府第次常务会议审议通过现予以印发请遵照执行嵊泗县人民政府年月日嵊泗县减污降碳协同试点创建实施方案前言十四五时期我国生态文明建设进入以降碳为重点战略方向推动减污降碳协同增效促进经济社会发展全面绿色转型实现生态环境质量改善由量变到质变的关键时期中共中央国务院先后印发关于完整准确全面贯彻新发展理念做好碳达峰碳中和工作的意见关于深入打好污染防治攻坚战的意见对我国降碳减污工作做出战略决策部署习近平总书记多次就推动减污降碳协同增效作出重要指示强调要把实现减污降碳协同增效作为促进经济社会发展全面绿色转型的总抓手坚持降碳减污扩绿增长协同推进生态环境部等部门联合印发减污降碳协同增效实施方案提出到年减污降碳协同推进的工作格局基本形成到年减污降碳协同能力显著提升等工作目标浙江省深入贯彻习近平总书记干在实处走在前列勇立潮头的要求全面贯彻新发展理念构建新发展格局积极推进减污降碳协同增效探索和实践获生态环境部批复同意开展全国首个减污降碳协同创新区建设省生态环境厅等九部门联合印发浙江,regulatory,
485,2020-岱山县财政局 岱山县“五水共治”工作领导小组（河长制）办公室关于印发《岱山县治水治污大会战专项资金管理办法》（试行）的通知.docx,舟山市,岱山县,2020.0,regulatory,incentive,1.0,(keyword fallback),附件岱山县治水治污大会战专项资金管理办法试行第一章总则第一条为加强和规范全县治水治污大会战专项资金管理提高资金使用绩效确保顺利推进治水治污项目实施根据县委县政府有关治水治污工作的总体部署和舟山市治水治污专项资金管理办法试行舟财农号文件规定特制定本办法第二条本办法所称的全县治水治污大会战专项资金以下简称专项资金是指为贯彻落实省五水共治市治水治污大会战重大决策部署县委县政府加大水环境综合整治力度改善区域生态和人居环境推进湾区明珠自贸港城建设打造海岛宜居城市所安排的专项性资金第三条专项资金根据县财政年度预算资金规模总量采用当年治水治污工作任务因素和年度考核绩效因素综合确定第四条各责任单位应按照全县治水治污年度工作实施方案明确工作职责统筹安排使用资金确保项目顺利完成发挥综合效益第二章补助范围和标准第五条专项资金拨付范围是经县政府审核确定的有关治水治污大会战项目主要为污水零直排区建设项目品质河道创建项目及县委县政府确定实施的其他治水治污项目第六条专项资金拨付依据主要是岱山县污水零直排区建设方案岱山县品质河道创建行动方案和全县治水治污大会战年度实施方案第七条专项资金奖补标准为污水零直排区建设品质河,regulatory,
487,2023-岱山县人民政府办公室关于印发岱山县污水处理一体化运维改革实施方案的通知.docx,舟山市,岱山县,2023.0,incentive,regulatory,0.75,(keyword fallback),岱山县人民政府办公室关于印发岱山县污水处理一体化运维改革实施方案的通知各乡镇人民政府县政府直属各单位岱山县污水处理一体化运维改革实施方案已经县政府第次常务会议审议通过现印发给你们请认真组织实施岱山县人民政府办公室年月日岱山县污水处理一体化运维改革实施方案为积极践行绿水青山就是金山银山的发展理念促进城乡污水处理提质增效有效改善城乡人居环境加快建立我县污水处理一体化运维体系破解污水处理体制机制运维管理等方面难题切实提高我县污水处理设施运行效率和运维管理水平特制定本实施方案一指导思想以习近平新时代中国特色社会主义思想为指导全面贯彻党的二十大精神深入贯彻习近平生态文明思想认真落实党中央国务院和省委省政府决策部署以实施污水处理一体化运维改革为抓手着力优化我县污水处理体制机制建设优化运维管理模式加快补齐污水处理设施和管网建设等短板努力实现全县污水集中处理一体运维安全达标二总体目标至年城乡污水一体化运维初具规模实现本岛污水全收集收集全处理处理全达标的目的确保全县治水治污能力得到有效提升一统筹运维管理实现增产增收通过本次改革实现污水处理设施统筹运维管理使本岛具备污水处理调配的基本能力将收集处理回用全链,regulatory,
488,2018-中共岱山县委岱山县人民政府办公室关于印发岱山县第二次全国污染源普查实施方案的通知.docx,舟山市,岱山县,2018.0,regulatory,informational,0.75,(keyword fallback),中共岱山县委岱山县人民政府办公室关于印发岱山县第二次全国污染源普查实施方案的通知各乡镇人民政府县政府直属各单位岱山县第二次全国污染源普查实施方案已经县政府同意现印发给你们请认真组织实施中共岱山县委岱山县人民政府办公室年月日岱山县第二次全国污染源普查实施方案为指导开展全县第二次全国污染源普查工作根据国务院关于开展第二次全国污染源普查的通知国发号国务院办公厅关于印发第二次全国污染源普查方案的通知国办发号舟山市人民政府关于印发舟山市第二次全国污染源普查实施方案的通知舟政办发号等文件精神结合我县实际特制订本方案一普查工作目标摸清全县各类污染源基本信息数量结构和分布状况掌握区域行业污染物产生排放和处理情况建立健全各类污染源档案污染源信息数据库和环境统计平台为加强污染源监管防控环境风险服务环境与发展综合决策提供支撑二普查时点对象范围和内容一普查时点普查标准时点为年月日时期资料为年度资料二普查对象范围与内容普查对象为本县行政区域内有污染源的单位和个体经营户范围包括工业污染源农业污染源生活污染源集中式污染治理设施移动源其他产生排放污染物的设施工业污染源普查对象和范围产生废水污染物废气污染物及固体废物的,regulatory,
490,2021-关于印发《生态环境保护专项资金管理办法》的通知.docx,舟山市,普陀区,2021.0,regulatory,incentive,1.0,(keyword fallback),关于印发生态环境保护专项资金管理办法的通知各镇街道党工委镇人民政府街道办事处区属功能区管委会区属有关单位为进一步推进我区生态文明建设加强和规范财政专项资金的使用与管理提高资金使用效率修订了普陀区生态环境保护专项资金管理办法现印发给你们请遵照执行附件普陀区生态环境保护专项资金管理办法舟山市普陀区财政局舟山市生态环境局普陀分局年月日普陀区生态环境保护专项资金管理办法第一章总则第一条加强和规范普陀区生态环境保护专项资金以下简称专项资金管理提高专项资金使用绩效促进生态环境保护污染防治和减排改善生态环境质量推进我区生态文明建设根据中华人民共和国预算法中华人民共和国环境保护法中共舟山市委舟山市人民政府关于高标准打好污染防治攻坚战高质量建设美丽舟山的意见舟委发号舟山市人民政府办公室关于进一步加强市级财政专项资金管理工作的通知舟政办函号舟山市财政局舟山市生态环境局关于印发舟山市生态环境保护专项资金管理办法的通知舟财行号普陀区项目支出绩效评价管理办法舟普财监督号等有关规定结合我区生态环境保护工作实际对原办法进行修订第二条专项资金是指由区级财政预算以及上级专项转移支付资金统筹安排的财政专项资金用于支持我区,regulatory,
498,2015-关于加强农村生活污水治理信息工作的通知.docx,丽水市,松阳县,2015.0,regulatory,informational,0.75,(keyword fallback),关于加强农村生活污水治理信息工作的通知各乡镇人民政府街道办事处县直有关单位为全面反映我县农村生活污水治理工作成效及时交流总结经验和做法经研究决定从月份起县农村生活污水治理工作领导小组办公室将在县农办松阳美丽乡村刊物中定期编发农村生活污水治理工作专刊请各单位高度重视农村生活污水治理信息工作明确任务落实责任并指定专人负责积极踊跃投稿信息报送要求主题鲜明文字精练亮点突出图文并茂重点是各单位在农村生活污水治理工作中的进展动态经验介绍创新做法和政策措施等各乡镇街道每周信息报送不少于篇农村治水第一书记派出单位等全年信息报送不少于篇信息工作将列入五水共治工作目标责任考核农村生活污水治理工作专刊信息报送邮箱联系人梅丽英联系电话,informational,
524,2014-云和县人民政府办公室关于印发云和县深化“千村示范万村整治”工程推进农村生活污水治理三年行动计划的通知.docx,丽水市,云和县,2014.0,incentive,regulatory,1.0,(keyword fallback),云和县人民政府办公室关于印发云和县深化千村示范万村整治工程推进农村生活污水治理三年行动计划的通知各乡镇人民政府街道办事处县政府直属各单位云和县深化千村示范万村整治工程推进农村生活污水治理三年行动计划已经县政府同意现印发给你们请认真贯彻执行云和县人民政府办公室年月日此件公开发布云和县深化千村示范万村整治工程推进农村生活污水治理三年行动计划为深入贯彻落实党的十八届三中全会精神按照省委省政府打好污水治理攻坚战的总体部署扎实开展农村生活污水治理有效改变农村生活污水无序排放现状着力改善农村生态环境进一步提高农民生活质量结合本县实际特制定本行动计划一指导思想以科学发展观为指导以千村示范万村整治工程为载体按照村点覆盖全面群众受益广泛设施运行常态治污效果良好的要求坚持全面治理与提升改造并重全面治理农村生活污水改善农村生态环境建设和谐生态的山水童话乡村促进全县经济社会可持续发展二工作目标按照统筹规划科学安排因地制宜实事求是技术合理经济实用示范带动全面推进的原则以城郊旅游景区水源保护区中心村为重点全面开展农村生活污水治理与提升改造项目建设到年底完成个行政村个自然村户农户的生活污水治理和提升改造建立健全农村,regulatory,
528,2017-云和县农村生活污水治理设施运行维护资金管理办法.docx,丽水市,云和县,2017.0,regulatory,incentive,0.75,(keyword fallback),云和县农村生活污水治理设施运行维护资金管理办法各乡镇人民政府街道办事处各有关单位为加强对农村生活污水治理设施运维项目管理根据浙江省人民政府办公厅关于加强农村生活污水治理设施运行维护管理的意见浙政发号浙江省农村生活污水治理设施运行维护管理工作实施方案建村发号关于印发云和县农村生活污水治理设施运行维护管理暂行办法的通知云政办发号等文件精神特制定本办法一基本原则农村生活污水治理设施运行维护工作坚持全盘谋划统筹安排政府主导全民参与的基本原则不断完善工作机制和项目管理把群众是否满意环境卫生状况是否改善水体污染是否控制作为工作实绩的衡量标准建立运维专款专用账户确保农村生活污水治理设施维护工作可持续发展本办法适用于纳入农村生活污水治理计划已通过竣工验收的农村生活污水治理项目本办法所称农村生活污水治理设施是指农村生活污水收集系统污水处理系统及其附属设施包括污水处理池主体工程及其配套的管网工程等二管理体制农村生活污水治理设施三分建设七分管护县住建局是农村生活污水治理设施运维的管理部门负责制定农村生活污水治理设施运行维护管理相关政策和考核办法负责运维经费的预算编制核定拨付和使用监督会同相关部门对乡镇街道考,regulatory,
530,2013-关于印发云和县（农业）水环境保护和综合治理实施方案的通知.docx,丽水市,云和县,2013.0,incentive,regulatory,0.75,(keyword fallback),关于印发云和县农业水环境保护和综合治理实施方案的通知各乡镇街道农业综合服务站局属各单位为认真贯彻落实全国省市环保工作会议与全省水环境综合治理工作会议精神全面彻底清理并无害化处理病死动物和加强农业面源和畜禽养殖污染防治推进农业废弃物综合利用切实改善我县水环境质量现结合我县农业实际特编制云和县农业局关于水环境保护和综合治理实施方案年月年月现将实施意见随文下发望各单位迅速组织实施附件云和县农业水环境保护和综合治理实施方案云和县农业局附件云和县农业水环境保护和综合治理实施方案为认真贯彻落实全国省市环保工作会议与全省水环境综合治理工作会议精神根据云和县水环境保护和综合治理实施方案年月年月要求切实改善我县水环境质量现结合我县农业实际特制定本实施意见一指导思想以科学发展观为指导以建设生态文明为统领坚持和提升小县大城核心战略紧紧围绕打造山水童话特色的现代化生态休闲旅游名城总目标全面开展水环境保护切实保障水环境安全努力实现经济社会发展与水环境保护相协调与水资源环境承载力相适应为我县实现经济效益与环境效益双赢局面提供坚实的生态环境保障二工作目标全面彻底清理并无害化处理病死动物和加强农业面源和畜禽养殖污染防,regulatory,
533,2021-云和县人民政府办公室关于印发云和县雾溪水库饮用水水源地保护生态补偿暂行办法的通知.docx,丽水市,云和县,2021.0,regulatory,incentive,1.0,(keyword fallback),云和县人民政府办公室关于印发云和县雾溪水库饮用水水源地保护生态补偿暂行办法的通知各乡镇人民政府街道办事处县政府直属各单位云和县雾溪水库饮用水水源地保护生态补偿暂行办法已经县政府第次常务会议审议通过现印发给你们请认真贯彻执行云和县人民政府办公室年月日此件公开发布云和县雾溪水库饮用水水源地保护生态补偿暂行办法一总则一为落实各级政府水生态水环境的保护责任有效防治水污染和保护水资源建立长效的生态补偿机制持续改善县级饮用水水源保护区水环境质量根据丽水市饮用水水源保护条例之规定制定本办法二坚持权责一致公平合理的原则谁受益谁补偿谁保护谁受偿通过饮用水水源地生态补偿机制的建立实现水源地生态产品价值的转化三本办法适用的乡镇为雾溪水库饮用水水源保护区所在地雾溪畲族乡四坚持多元筹资定向补偿的原则县人民政府安排雾溪水库饮用水水源生态补偿资金以下简称生态补偿资金综合运用行政和市场手段积极拓宽资金筹措渠道以利于保护生态环境和发展生态经济五坚持统筹协调共同发展的原则按照统筹区域协调发展的要求多渠道多形式支持雾溪畲族乡发展努力实现其经济社会发展与生态环境保护的双赢六调整云和县雾溪水库饮用水源保护工作领导小组成员及下属,incentive,
538,2014-青田县人民政府办公室关于印发青田县“五水共治”捐助资金（物资）管理办法的通知.docx,丽水市,青田县,2014.0,regulatory,incentive,0.5,(keyword fallback),青田县人民政府办公室关于印发青田县五水共治捐助资金物资管理办法的通知各乡镇人民政府各街道办事处县政府直属各单位现将青田县五水共治捐助资金物资管理办法印发给你们请遵照执行青田县人民政府办公室年月日此件公开发布青田县五水共治捐助资金物资管理办法第一条为规范和加强我县五水共治捐助资金物资管理根据中华人民共和国公益事业捐赠法和相关法律法规规定结合青田实际特制定本办法第二条本办法所称的五水共治是指治污水防洪水排涝水保供水抓节水第三条捐助活动坚持自愿原则第四条县财政局负责设立五水共治捐款账户和提供收入票据资金账户在县主要媒体公布接受社会捐助捐款捐物情况定期予以公布第五条五水共治捐助资金实行统一管理有关单位收到捐款后要及时缴入捐款专户不得私自截留或另行处理县五水共治工作领导小组办公室以下简称县治水办负责捐助资金的使用管理五水共治捐助物资由县治水办统一管理并及时组织捐助方将物资送至指定捐助地第六条五水共治捐助资金使用范围主要用于生活污水处理生活垃圾处理饮用水工程建设水环境改善提升等与五水共治有关的项目设施建设以及其他经批准与五水共治相关的支出五水共治捐助资金原则上以乡镇街道为单位实行属地使用专款专用对,regulatory,
539,2017-关于推进青田县分类分档及多因子计收污水处理费和征收温溪镇污水处理费的通知.docx,丽水市,青田县,2017.0,informational,regulatory,0.75,(keyword fallback),关于推进青田县分类分档及多因子计收污水处理费和征收温溪镇污水处理费的通知县水务公司为贯彻落实国务院城镇排水与污水处理条例和国家发展改革委财政部住房城乡建设部关于制定和调整污水处理收费标准等有关问题的通知发改价格号等有关规定根据省财政厅物价局住房和城乡建设厅浙江省污水处理费征收使用管理办法浙财综号和浙江省物价局财政厅环境保护厅关于加快推进分类分档及多因子计收工业污水处理费的指导意见浙价资号等有关文件精神决定自年月日起推进青田县分类分档及多因子计收污水处理费和开展征收温溪镇污水处理费现将有关事项通知如下一推进青田县分类分档及多因子计收污水处理费对符合污水纳管要求的已纳入本县污水公共管网并由污水处理厂处理的医药化工造纸化纤印染制革合成革冶炼等行业中的实行在线监测重污染工业企业具体名单由当地乡镇人民政府街道办事处会同县环保局确定污水按化学需氧量悬浮物总磷以计总氮等为重点污染因子分类分档复合计收污水处理费多因子收费实行基准收费标准与浮动标准累加进行收取污染因子浓度超过基准值的在基准收费标准的基础上加浮动标准收取工业污水处理费污染因子浓度低于基准值的按照基准收费标准收取工业污水处理费收费基准值分档,incentive,
541,2019-青田县人民政府办公室关于印发青田县新田坑饮用水水源地生态保护补偿机制实施意见的通知.docx,丽水市,青田县,2019.0,regulatory,incentive,1.0,(keyword fallback),青田县人民政府办公室关于印发青田县新田坑饮用水水源地生态保护补偿机制实施意见的通知县水利局青田县人民政府办公室关于印发青田县新田坑饮用水水源地生态保护补偿机制实施意见的通知各乡镇人民政府各街道办事处县政府直属各单位青田县新田坑饮用水水源地生态保护补偿机制实施意见已经县政府同意现印发给你们请做好贯彻落实青田县人民政府办公室年月日此件公开发布青田县新田坑饮用水水源地生态保护补偿机制实施意见为进一步加强饮用水水源保护工作切实保障人民群众饮水安全根据中华人民共和国水污染防治法浙江省饮用水水源保护条例丽水市饮用水水源保护条例和有关法律法规结合我县实际制定本实施意见一新田坑饮用水水源地生态保护补偿的区域范围以新田坑为核心个乡镇北山镇仁宫乡巨浦乡个行政村小奕村大奕村寺岙村朱山村澎湖村钓滩村城门村下湾村湖云村巨浦村泉山村湖东村以及在新田坑饮用水水源地保护区范围内的森林农田和旱地二生态保护补偿机制的原则一谁受益谁补偿原则二多元补偿定向补偿原则三责权利相统一原则四突出重点逐步完善原则五依法保护分级负责原则三生态保护补偿专项资金的来源县财政部门多渠道筹措资金设立新田坑饮用水水源地生态保护专项资金每年部门预算,incentive,
550,2022-景宁畲族自治县水生态环境保护“十四五”规划.docx,丽水市,景宁县,2022.0,regulatory,informational,0.75,(keyword fallback),景宁畲族自治县水生态环境保护十四五规划党中央国务院高度重视水生态环境保护工作党的十九大提出年生态环境根本好转美丽中国目标基本实现及到本世纪中叶把我国建设成富强民主文明和谐美丽的社会主义现代化强国的奋斗目标并明确加快水污染防治实施流域环境综合治理等任务要求十三五期间景宁畲族自治县以下简称景宁县牢记习近平总书记绿水青山就是金山银山的重要嘱托以水十条和五水共治为抓手统筹推动水环境水生态水资源协同共治水环境质量持续高位提升获得年度五水共治河长制工作大禹鼎铜鼎全县碧水保卫战成效显著水生态环境质量明显改善人民群众的获得感幸福感安全感持续提升然而水生态环境保护工作具有长期性艰巨性和复杂性我县水环境质量改善不平衡不协调问题仍然突出水生态破坏现象较为普遍水生态环境风险依然存在水生态环境治理体系及治理能力现代化水平有待提升生态环境监督管理能力有待加强与两富两美建设目标要求仍有不小差距十四五是我国开启全面建设社会主义现代化国家新征程向第二个百年奋斗目标进军的第一个五年是为高水平全面建成小康社会和建设两富两美浙江提供持续动力的关键时期也是深化落实美丽景宁县建设和五水共治的决策部署推动水环境质量全面改善和水生态,informational,
555,2020-景宁畲族自治县人民政府办公室关于印发景宁畲族自治县节水行动实施方案的通知.docx,丽水市,景宁县,2020.0,incentive,regulatory,1.0,(keyword fallback),景宁畲族自治县人民政府办公室关于印发景宁畲族自治县节水行动实施方案的通知各乡镇街道办事处县直机关各单位景宁畲族自治县节水行动实施方案已经县政府同意现印发给你们请认真组织实施附件景宁畲族自治县节水行动实施方案景宁畲族自治县人民政府办公室年月日此件公开发布抄送县委各部门县人大常委会县政协办公室县人武部县法院县检察院景宁畲族自治县人民政府办公室年月日印发景宁畲族自治县节水行动实施方案为贯彻落实党的十九大精神践行习近平总书记提出的节水优先空间均衡系统治理两手发力重要治水方针大力推动全社会节水全面提升水资源节约集约利用水平倡导形成节水型生产生活方式保障水安全保护水生态改善水环境促进经济社会高质量绿色发展根据国家节水行动方案省市节水行动实施方案结合景宁县实际制定本实施方案一总体要求一指导思想以习近平新时代中国特色社会主义思想为指导坚定不移践行节水优先治水方针紧扣全省重要窗口建设新目标新定位全面贯彻节水优先方针把节水作为水资源可持续利用和水生态安全保障的重要举措贯穿到经济社会发展全过程和各领域围绕全市两山发展大会精神强化水资源刚性约束实行水资源消耗总量和强度双控制以保障经济社会高质量发展为出发点以完,regulatory,
556,2018-景宁畲族自治县人民政府办公室印发景宁畲族自治县关于建立龙潭桥水库县城饮用水水源地生态保护补偿机制实施意见的通知.docx,丽水市,景宁县,2018.0,regulatory,incentive,1.0,(keyword fallback),景宁畲族自治县人民政府办公室印发景宁畲族自治县关于建立龙潭桥水库县城饮用水水源地生态保护补偿机制实施意见的通知各乡镇人民政府街道办事处县政府直属各单位景宁畲族自治县关于建立龙潭桥水库县城饮用水水源地生态保护补偿机制的实施意见已经县政府第七次常务会议研究现印发给你们请参照执行景宁畲族自治县人民政府办公室年月日此件公开发布景宁畲族自治县关于建立龙潭桥水库县城饮用水水源地生态保护补偿机制的实施意见为深入贯彻落实科学发展观和党的十九大精神积极推进中国畲乡和美景宁建设践行绿水青山就是金山银山的理念促进人与自然的协调发展按照谁受益谁补偿和多元筹资定向补偿的原则建立景宁县城饮用水水源地生态保护补偿机制特制定本实施意见一生态保护补偿的区域范围以龙潭桥水库为核心个乡镇街道鹤溪街道红星街道东坑镇梅岐乡个行政村王木坑村三枝树村滩岭村大吴山村方徐村茗源村梅岐村留钱村栋头村岗楼村岳崇村高闩村以及在饮用水水源地保护区范围内的森林农田和旱地二生态保护补偿机制的原则一谁受益谁补偿原则二责权利相统一原则三重点突破统筹兼顾原则四循序渐进逐步完善原则三生态保护补偿专项资金的来源县财政部门多渠道筹措资金每年安排万专项资金今后,incentive,
557,2017-关于完善分类分档及多因子计收工业污水处理费办法的通知.docx,丽水市,景宁县,2017.0,regulatory,incentive,1.0,(keyword fallback),关于完善分类分档及多因子计收工业污水处理费办法的通知县各工业企业根据省物价局财政厅环保厅关于加快推进分类分档及多因子计收工业污水处理费的指导意见浙价资号要求对纳入县城污水公共管网并由污水处理厂处理的医药化工造纸化纤印染制革冶炼等行业中的实行在线监测高污染工业企业具体企业名单可由县环保局确定污水推行分类分档及多因子计收污水处理费结合本县工业污水排放量现行只实行化学需氧量值分档计收污水处理费在有条件情况下确定化学需氧量悬浮物总氮等重点污染因子并按上述三种因子的浓度分类分档复合计收污水处理费即在线监测高污染工业企业污水处理费实收标准高污染工业企业污水处理费基准标准值升降标准值加收标准总氮值加收标准一化学需氧量值分档收取污水处理费计费方法入网污水值以为基准每为一档实测值低于时每低一档污水处理费标准相应降低元实测值高于时每高一档污水处理费标准相应提高元二悬浮物值分档收取污水处理费计费方法入网污水值以为基准每为一档实测值高于时每高一档污水处理费标准相应提高元三总磷以计值分档收取污水处理费计费方法入网污水总磷以计值以为基准每为一档实测总磷以计值高于时每高一档污水处理费标准相应提高元四总氮值分档收取污,incentive,
558,2011-景宁县发展和改革局关于调整景宁县城区供水价格及污水处理费标准的通知.docx,丽水市,景宁县,2011.0,regulatory,incentive,0.75,(keyword fallback),景宁县发展和改革局关于调整景宁县城区供水价格及污水处理费标准的通知景宁县供排水公司你公司关于要求调整景宁县城市供水价格及污水处理费的请示景供排号悉根据浙江省定价目录和城市供水价格管理办法的有关规定经县人民政府同意现就你公司供水价格和污水处理费标准等有关事项通知如下一你公司供水价格分为四类一类为居民生活用水价格二类为非经营性用水价格三类为经营性用水价格四类为特种行业用水价格二同意调整你公司供水价格县供排水有限责任公司管网所及范围的供水价格居民生活用水价格为每立方米元非经营性用水价格为每立方米元经营性用水价格为每立方米元特种行业用水价格为每立方米元三同意调整你公司污水处理费标准居民生活污水为每立方米元非经营性用户的污水为每立方米元经营性用户的污水一般工商企业为每立方米元化工制革印染电镀和制药等工业企业为每立方米元特种行业的污水为每立方米元收取污水处理费后不再收取污水排污费对有污水处理设施的工业企业排放污水可按环保部门检测到的值分档收取污水处理费值以为基准每为一档分档污水处理费以本通知规定的标准为基准实测值低于时每低一档收费标准相应降低元立方米实测值高于时每高一档收费标准相应提高元立方米对使,incentive,
559,2023-景宁畲族自治县农业农村局关于下达2023年农田氮磷生态拦截沟渠建设和运维管护计划的通知.docx,丽水市,景宁县,2023.0,regulatory,incentive,1.0,(keyword fallback),景宁畲族自治县农业农村局关于下达年农田氮磷生态拦截沟渠建设和运维管护计划的通知各相关乡镇人民政府为顺利完成省市五水共治考核任务根据浙江省农业农村厅关于加快推进高标准示范引领性农田氮磷生态拦截沟渠系统建设的通知浙农专发号浙江省耕地质量与肥料管理总站关于开展农田氮磷生态拦截沟渠系统建设和运维状况评估的通知浙耕肥发号浙江省耕地质量与肥料管理总站关于印发年全省耕地与生态能源工作要点的通知浙耕肥发号等文件结合我县农田氮磷生态拦截沟渠系统建设和运维管护实际情况经研究同意现将景宁县年农田氮磷生态拦截沟渠建设和运维管护计划下发给你们总投资万元资金来源于县级财政配套资金请相关乡镇按照财政专项资金使用规定认真组织实施年月底前完成各项计划任务景宁畲族自治县农业农村局年月日,regulatory,
562,2015-关于落实2015年度市、县两级“五水共治”目标任务的通知.docx,丽水市,遂昌县,2015.0,incentive,regulatory,1.0,(keyword fallback),关于落实年度市县两级五水共治目标任务的通知局属各单位局机关各科室根据市建设局关于下达年丽水市建设系统五水共治目标任务的通知丽建发号县发改局关于下达年政府基本建设项目投资计划及资金预算的通知遂发投号文件要求结合我局实际局五水共治办对年市县两级下达的五水共治任务进行了细化分解现将我局年五水共治目标任务细化分解情况印发给你们并提出如下贯彻要求请认真落实一各单位科室要高度重视对照目标任务抓紧制定年度实施计划明确实施点位落实工作措施确保我局市县两级五水共治年度任务圆满完成二各单位科室根据遂昌县住房和城乡建设局年度五水共治任务分解表抓紧实施本单位科室项目计划并落实专人做好项目实施进度定期统计自年月起每月日前将月报表与相应台帐上报局公用科三各相关科室下属单位对市县两级五水共治完成情况和月进度报送情况列入单位科室的年度考核内容四根据市局要求涉及排涝水的清淤排水管网与增加应急设备两项任务的市政园林管理处请务必在月底汛期前完成联系人朱珍电话附件市建设局下达县建设局年度五水共治任务分解表遂昌县建设局年五水共治项目表遂昌县住房和城乡建设局年月日,informational,
564,2016-遂昌县发展和改革局 遂昌县财政局 遂昌县环境保护局 遂昌县经济商务局关于分类分档及多因子计收工业污水处理费和实施差别水价政策等有关事项的通知.docx,丽水市,遂昌县,2016.0,informational,incentive,1.0,(keyword fallback),遂昌县发展和改革局遂昌县财政局遂昌县环境保护局遂昌县经济商务局关于分类分档及多因子计收工业污水处理费和实施差别水价政策等有关事项的通知县工业园区管委会县供排水有限公司根据浙江省物价局财政厅环保厅关于加快推进分类分档及多因子计收工业污水处理费的指导意见浙价资号和丽水市人民政府关于丽水市工业企业绩效综合评价和要素差别化管理的实施意见丽政发号的规定结合遂昌实际经召开座谈会网上公开征求社会各方意见和建议现将分类分档及多因子计收工业污水处理费和实施差别水价政策等有关事项通知如下一实行分类分档及多因子计收工业污水处理费根据省物价局财政厅环保厅关于加快推进分类分档及多因子计收工业污水处理费的指导意见浙价资号要求对纳入城区污水公共管网并由污水处理厂处理的医药化工造纸化纤印染制革冶炼等行业中的实行在线监测高污染工业企业具体企业名单可由县环保局确定污水确定化学需氧量悬浮物总磷以计总氮等为重点污染因子并按上述四种因子的浓度分类分档复合计收污水处理费即在线监测高污染工业企业污水处理费实收标准高污染工业企业污水处理费基准标准值升降标准值加收标准总磷值加收标准总氮值加收标准一化学需氧量值分档收取污水处理费计费方法,incentive,
567,2021-关于印发《遂昌县县级饮用水水源地保护生态补偿暂行办法》的通知.docx,丽水市,遂昌县,2021.0,regulatory,incentive,1.0,(keyword fallback),关于印发遂昌县县级饮用水水源地保护生态补偿暂行办法的通知各乡镇人民政府街道办事处县政府直属各单位遂昌县县级饮用水水源地保护生态补偿暂行办法已经县政府同意现印发给你们请认真组织实施遂昌县人民政府办公室年月日此件公开发布遂昌县县级饮用水水源地保护生态补偿暂行办法一总则为落实水生态水环境的保护责任有效防治水污染和保护水资源建立长效的生态补偿机制持续改善县级饮用水水源地水环境质量根据丽水市饮用水水源保护条例规定制定本办法一坚持权责一致公平合理的原则谁受益谁补偿谁保护谁受偿县财政安排生态补偿资金饮用水水源地乡镇街道要严格落实水源地保护责任二坚持多元筹资定向补偿的原则积极拓宽资金筹措渠道三坚持统筹协调共同发展的原则按照统筹区域协调发展的要求多渠道多形式支持饮用水水源地的经济社会发展努力实现经济社会发展与生态环境保护双赢四本办法所指的县级饮用水水源地涉及妙高街道垵口乡五成立遂昌县饮用水水源保护领导小组下设办公室以下简称县水源保护领导小组办公室办公室设在丽水市生态环境局遂昌分局负责生态补偿的组织管理和监督检查二生态补偿资金筹集六根据我县经济社会发展情况和环境保护需要将饮用水源地保护生态补偿资金列入丽水,incentive,
573,2022-关于印发《丽水市莲都区水生态环境保护“十四五”规划》的通知.docx,丽水市,莲都区,2022.0,regulatory,informational,1.0,(keyword fallback),丽水市莲都区水生态环境保护十四五规划丽水市生态环境局莲都分局二零二一年十二月前言党的十九大提出了年生态环境根本好转美丽中国目标基本实现的奋斗目标并明确加快水污染防治实施流域环境和近岸海域综合治理等任务要求为未来一段时期水生态环境保护工作指明了方向年全国生态环境保护大会确立的习近平生态文明思想为新时代推进生态文明建设加强生态环境保护打好污染防治攻坚战提供了方向指引和行动指南党中央国务院一直高度重视水生态环境保护工作习近平总书记在全国生态环境保护大会和高质量发展座谈会上的讲话为做好流域治理提供了指引也为规划编制提供了遵循党中央国务院相关部署为新时期水生态环境保护提供了重要的战略机遇莲都区将紧紧把握十四五时期机遇挑战创新实践绿水青山就是金山银山发展理念根据浙江省水生态环境保护十四五规划丽水市水生态环境保护十四五规划莲都区国民经济和社会发展第十四个五年规划纲要等科学编制提出我区十四五期间水生态环境保护规划的指导思想和目标确定主要工作任务提出相应的规划项目和保障措施从而全面提升我区水生态环境质量有效地防治水污染科学客观地指导十四五期间莲都区水生态环境保护工作一流域水生态环境状况一区域概况地理位置,informational,